-- phpMyAdmin SQL Dump
-- version 5.2.0
-- https://www.phpmyadmin.net/
--
-- Host: 127.0.0.1
-- Generation Time: Jun 09, 2023 at 10:18 AM
-- Server version: 10.4.27-MariaDB
-- PHP Version: 8.2.0

SET SQL_MODE = "NO_AUTO_VALUE_ON_ZERO";
START TRANSACTION;
SET time_zone = "+00:00";


/*!40101 SET @OLD_CHARACTER_SET_CLIENT=@@CHARACTER_SET_CLIENT */;
/*!40101 SET @OLD_CHARACTER_SET_RESULTS=@@CHARACTER_SET_RESULTS */;
/*!40101 SET @OLD_COLLATION_CONNECTION=@@COLLATION_CONNECTION */;
/*!40101 SET NAMES utf8mb4 */;

--
-- Database: `governorate`
--

-- --------------------------------------------------------

--
-- Table structure for table `failed_jobs`
--

CREATE TABLE `failed_jobs` (
  `id` bigint(20) UNSIGNED NOT NULL,
  `uuid` varchar(255) NOT NULL,
  `connection` text NOT NULL,
  `queue` text NOT NULL,
  `payload` longtext NOT NULL,
  `exception` longtext NOT NULL,
  `failed_at` timestamp NOT NULL DEFAULT current_timestamp()
) ENGINE=InnoDB DEFAULT CHARSET=utf8mb4 COLLATE=utf8mb4_unicode_ci;

-- --------------------------------------------------------

--
-- Table structure for table `files`
--

CREATE TABLE `files` (
  `file_id` int(10) NOT NULL,
  `user_id` int(5) NOT NULL,
  `user_name` varchar(255) NOT NULL,
  `file_name` varchar(600) NOT NULL,
  `file_path` varchar(300) NOT NULL,
  `file_extension` varchar(10) NOT NULL,
  `file_size` int(8) NOT NULL,
  `notes` text DEFAULT NULL,
  `created_at` timestamp NOT NULL DEFAULT current_timestamp(),
  `updated_at` datetime DEFAULT NULL,
  `updated_by` varchar(255) DEFAULT NULL
) ENGINE=InnoDB DEFAULT CHARSET=utf8mb4 COLLATE=utf8mb4_general_ci;

--
-- Dumping data for table `files`
--

INSERT INTO `files` (`file_id`, `user_id`, `user_name`, `file_name`, `file_path`, `file_extension`, `file_size`, `notes`, `created_at`, `updated_at`, `updated_by`) VALUES
(21959, 2, 'عمر راشد', 'ملف البعثة الثانية عشر عن الاهرامات حول هرم الخوفو بتاريخ 14/4/2002 وهي بعثة جامعة القاهرة', 'uploaded/files/cover-modified.pdf', 'pdf', 399231, 'no notes', '2023-04-20 02:56:54', NULL, 'not yet updated'),
(21960, 2, 'User ', 'ملف البعثة الثانية عشر عن الاهرامات حول هرم الخوفو بتاريخ 14/4/2002 وهي بعثة جامعة القاهرة', 'uploaded/files/cover-modified.pdf ', 'pdf ', 3000, 'no notes ', '2023-04-20 03:06:59', NULL, 'not '),
(21961, 2, 'User ', 'ملف البعثة الثانية عشر عن الاهرامات حول هرم الخوفو بتاريخ 14/4/2002 وهي بعثة جامعة القاهرة', 'uploaded/files/cover-modified.pdf ', 'pdf ', 3000, 'no notes ', '2023-04-20 03:07:00', NULL, 'not '),
(21962, 2, 'User ', 'ملف البعثة الثانية عشر عن الاهرامات حول هرم الخوفو بتاريخ 14/4/2002 وهي بعثة جامعة القاهرة', 'uploaded/files/cover-modified.pdf ', 'pdf ', 3000, 'no notes ', '2023-04-20 03:07:00', NULL, 'not '),
(21963, 2, 'User ', 'ملف البعثة الثانية عشر عن الاهرامات حول هرم الخوفو بتاريخ 14/4/2002 وهي بعثة جامعة القاهرة', 'uploaded/files/cover-modified.pdf ', 'pdf ', 3000, 'no notes ', '2023-04-20 03:07:00', NULL, 'not '),
(21964, 2, 'User ', 'ملف البعثة الثانية عشر عن الاهرامات حول هرم الخوفو بتاريخ 14/4/2002 وهي بعثة جامعة القاهرة', 'uploaded/files/cover-modified.pdf ', 'pdf ', 3000, 'no notes ', '2023-04-20 03:07:00', NULL, 'not '),
(21965, 2, 'User ', 'ملف البعثة الثانية عشر عن الاهرامات حول هرم الخوفو بتاريخ 14/4/2002 وهي بعثة جامعة القاهرة', 'uploaded/files/cover-modified.pdf ', 'pdf ', 3000, 'no notes ', '2023-04-20 03:07:00', NULL, 'not '),
(21966, 2, 'User ', 'ملف البعثة الثانية عشر عن الاهرامات حول هرم الخوفو بتاريخ 14/4/2002 وهي بعثة جامعة القاهرة', 'uploaded/files/cover-modified.pdf ', 'pdf ', 3000, 'no notes ', '2023-04-20 03:07:00', NULL, 'not '),
(21967, 2, 'User ', 'ملف البعثة الثانية عشر عن الاهرامات حول هرم الخوفو بتاريخ 14/4/2002 وهي بعثة جامعة القاهرة', 'uploaded/files/cover-modified.pdf ', 'pdf ', 3000, 'no notes ', '2023-04-20 03:07:00', NULL, 'not '),
(21968, 2, 'User ', 'ملف البعثة الثانية عشر عن الاهرامات حول هرم الخوفو بتاريخ 14/4/2002 وهي بعثة جامعة القاهرة', 'uploaded/files/cover-modified.pdf ', 'pdf ', 3000, 'no notes ', '2023-04-20 03:07:00', NULL, 'not '),
(21969, 2, 'User ', 'ملف البعثة الثانية عشر عن الاهرامات حول هرم الخوفو بتاريخ 14/4/2002 وهي بعثة جامعة القاهرة', 'uploaded/files/cover-modified.pdf ', 'pdf ', 3000, 'no notes ', '2023-04-20 03:07:00', NULL, 'not '),
(21970, 2, 'User ', 'ملف البعثة الثانية عشر عن الاهرامات حول هرم الخوفو بتاريخ 14/4/2002 وهي بعثة جامعة القاهرة', 'uploaded/files/cover-modified.pdf ', 'pdf ', 3000, 'no notes ', '2023-04-20 03:07:00', NULL, 'not '),
(21971, 2, 'User ', 'ملف البعثة الثانية عشر عن الاهرامات حول هرم الخوفو بتاريخ 14/4/2002 وهي بعثة جامعة القاهرة', 'uploaded/files/cover-modified.pdf ', 'pdf ', 3000, 'no notes ', '2023-04-20 03:07:00', NULL, 'not '),
(21972, 2, 'User ', 'ملف البعثة الثانية عشر عن الاهرامات حول هرم الخوفو بتاريخ 14/4/2002 وهي بعثة جامعة القاهرة', 'uploaded/files/cover-modified.pdf ', 'pdf ', 3000, 'no notes ', '2023-04-20 03:07:00', NULL, 'not '),
(21973, 2, 'User ', 'ملف البعثة الثانية عشر عن الاهرامات حول هرم الخوفو بتاريخ 14/4/2002 وهي بعثة جامعة القاهرة', 'uploaded/files/cover-modified.pdf ', 'pdf ', 3000, 'no notes ', '2023-04-20 03:07:00', NULL, 'not '),
(21974, 2, 'User ', 'ملف البعثة الثانية عشر عن الاهرامات حول هرم الخوفو بتاريخ 14/4/2002 وهي بعثة جامعة القاهرة', 'uploaded/files/cover-modified.pdf ', 'pdf ', 3000, 'no notes ', '2023-04-20 03:07:00', NULL, 'not '),
(21975, 2, 'User ', 'ملف البعثة الثانية عشر عن الاهرامات حول هرم الخوفو بتاريخ 14/4/2002 وهي بعثة جامعة القاهرة', 'uploaded/files/cover-modified.pdf ', 'pdf ', 3000, 'no notes ', '2023-04-20 03:07:00', NULL, 'not '),
(21976, 2, 'User ', 'ملف البعثة الثانية عشر عن الاهرامات حول هرم الخوفو بتاريخ 14/4/2002 وهي بعثة جامعة القاهرة', 'uploaded/files/cover-modified.pdf ', 'pdf ', 3000, 'no notes ', '2023-04-20 03:07:00', NULL, 'not '),
(21977, 2, 'User ', 'ملف البعثة الثانية عشر عن الاهرامات حول هرم الخوفو بتاريخ 14/4/2002 وهي بعثة جامعة القاهرة', 'uploaded/files/cover-modified.pdf ', 'pdf ', 3000, 'no notes ', '2023-04-20 03:07:00', NULL, 'not '),
(21978, 2, 'User ', 'ملف البعثة الثانية عشر عن الاهرامات حول هرم الخوفو بتاريخ 14/4/2002 وهي بعثة جامعة القاهرة', 'uploaded/files/cover-modified.pdf ', 'pdf ', 3000, 'no notes ', '2023-04-20 03:07:00', NULL, 'not '),
(21979, 2, 'User ', 'ملف البعثة الثانية عشر عن الاهرامات حول هرم الخوفو بتاريخ 14/4/2002 وهي بعثة جامعة القاهرة', 'uploaded/files/cover-modified.pdf ', 'pdf ', 3000, 'no notes ', '2023-04-20 03:07:00', NULL, 'not '),
(21980, 2, 'User ', 'ملف البعثة الثانية عشر عن الاهرامات حول هرم الخوفو بتاريخ 14/4/2002 وهي بعثة جامعة القاهرة', 'uploaded/files/cover-modified.pdf ', 'pdf ', 3000, 'no notes ', '2023-04-20 03:07:00', NULL, 'not '),
(21981, 2, 'User ', 'ملف البعثة الثانية عشر عن الاهرامات حول هرم الخوفو بتاريخ 14/4/2002 وهي بعثة جامعة القاهرة', 'uploaded/files/cover-modified.pdf ', 'pdf ', 3000, 'no notes ', '2023-04-20 03:07:00', NULL, 'not '),
(21982, 2, 'User ', 'ملف البعثة الثانية عشر عن الاهرامات حول هرم الخوفو بتاريخ 14/4/2002 وهي بعثة جامعة القاهرة', 'uploaded/files/cover-modified.pdf ', 'pdf ', 3000, 'no notes ', '2023-04-20 03:07:00', NULL, 'not '),
(21983, 2, 'User ', 'ملف البعثة الثانية عشر عن الاهرامات حول هرم الخوفو بتاريخ 14/4/2002 وهي بعثة جامعة القاهرة', 'uploaded/files/cover-modified.pdf ', 'pdf ', 3000, 'no notes ', '2023-04-20 03:07:00', NULL, 'not '),
(21984, 2, 'User ', 'ملف البعثة الثانية عشر عن الاهرامات حول هرم الخوفو بتاريخ 14/4/2002 وهي بعثة جامعة القاهرة', 'uploaded/files/cover-modified.pdf ', 'pdf ', 3000, 'no notes ', '2023-04-20 03:07:00', NULL, 'not '),
(21985, 2, 'User ', 'ملف البعثة الثانية عشر عن الاهرامات حول هرم الخوفو بتاريخ 14/4/2002 وهي بعثة جامعة القاهرة', 'uploaded/files/cover-modified.pdf ', 'pdf ', 3000, 'no notes ', '2023-04-20 03:07:00', NULL, 'not '),
(21986, 2, 'User ', 'ملف البعثة الثانية عشر عن الاهرامات حول هرم الخوفو بتاريخ 14/4/2002 وهي بعثة جامعة القاهرة', 'uploaded/files/cover-modified.pdf ', 'pdf ', 3000, 'no notes ', '2023-04-20 03:07:01', NULL, 'not '),
(21987, 2, 'User ', 'ملف البعثة الثانية عشر عن الاهرامات حول هرم الخوفو بتاريخ 14/4/2002 وهي بعثة جامعة القاهرة', 'uploaded/files/cover-modified.pdf ', 'pdf ', 3000, 'no notes ', '2023-04-20 03:07:01', NULL, 'not '),
(21988, 2, 'User ', 'ملف البعثة الثانية عشر عن الاهرامات حول هرم الخوفو بتاريخ 14/4/2002 وهي بعثة جامعة القاهرة', 'uploaded/files/cover-modified.pdf ', 'pdf ', 3000, 'no notes ', '2023-04-20 03:07:01', NULL, 'not '),
(21989, 2, 'User ', 'ملف البعثة الثانية عشر عن الاهرامات حول هرم الخوفو بتاريخ 14/4/2002 وهي بعثة جامعة القاهرة', 'uploaded/files/cover-modified.pdf ', 'pdf ', 3000, 'no notes ', '2023-04-20 03:07:01', NULL, 'not '),
(21990, 2, 'User ', 'ملف البعثة الثانية عشر عن الاهرامات حول هرم الخوفو بتاريخ 14/4/2002 وهي بعثة جامعة القاهرة', 'uploaded/files/cover-modified.pdf ', 'pdf ', 3000, 'no notes ', '2023-04-20 03:07:01', NULL, 'not '),
(21991, 2, 'User ', 'ملف البعثة الثانية عشر عن الاهرامات حول هرم الخوفو بتاريخ 14/4/2002 وهي بعثة جامعة القاهرة', 'uploaded/files/cover-modified.pdf ', 'pdf ', 3000, 'no notes ', '2023-04-20 03:07:01', NULL, 'not '),
(21992, 2, 'User ', 'ملف البعثة الثانية عشر عن الاهرامات حول هرم الخوفو بتاريخ 14/4/2002 وهي بعثة جامعة القاهرة', 'uploaded/files/cover-modified.pdf ', 'pdf ', 3000, 'no notes ', '2023-04-20 03:07:01', NULL, 'not '),
(21993, 2, 'User ', 'ملف البعثة الثانية عشر عن الاهرامات حول هرم الخوفو بتاريخ 14/4/2002 وهي بعثة جامعة القاهرة', 'uploaded/files/cover-modified.pdf ', 'pdf ', 3000, 'no notes ', '2023-04-20 03:07:01', NULL, 'not '),
(21994, 2, 'User ', 'ملف البعثة الثانية عشر عن الاهرامات حول هرم الخوفو بتاريخ 14/4/2002 وهي بعثة جامعة القاهرة', 'uploaded/files/cover-modified.pdf ', 'pdf ', 3000, 'no notes ', '2023-04-20 03:07:01', NULL, 'not '),
(21995, 2, 'User ', 'ملف البعثة الثانية عشر عن الاهرامات حول هرم الخوفو بتاريخ 14/4/2002 وهي بعثة جامعة القاهرة', 'uploaded/files/cover-modified.pdf ', 'pdf ', 3000, 'no notes ', '2023-04-20 03:07:01', NULL, 'not '),
(21996, 2, 'User ', 'ملف البعثة الثانية عشر عن الاهرامات حول هرم الخوفو بتاريخ 14/4/2002 وهي بعثة جامعة القاهرة', 'uploaded/files/cover-modified.pdf ', 'pdf ', 3000, 'no notes ', '2023-04-20 03:07:01', NULL, 'not '),
(21997, 2, 'User ', 'ملف البعثة الثانية عشر عن الاهرامات حول هرم الخوفو بتاريخ 14/4/2002 وهي بعثة جامعة القاهرة', 'uploaded/files/cover-modified.pdf ', 'pdf ', 3000, 'no notes ', '2023-04-20 03:07:01', NULL, 'not '),
(21998, 2, 'User ', 'ملف البعثة الثانية عشر عن الاهرامات حول هرم الخوفو بتاريخ 14/4/2002 وهي بعثة جامعة القاهرة', 'uploaded/files/cover-modified.pdf ', 'pdf ', 3000, 'no notes ', '2023-04-20 03:07:01', NULL, 'not '),
(21999, 2, 'User ', 'ملف البعثة الثانية عشر عن الاهرامات حول هرم الخوفو بتاريخ 14/4/2002 وهي بعثة جامعة القاهرة', 'uploaded/files/cover-modified.pdf ', 'pdf ', 3000, 'no notes ', '2023-04-20 03:07:01', NULL, 'not '),
(22000, 2, 'User ', 'ملف البعثة الثانية عشر عن الاهرامات حول هرم الخوفو بتاريخ 14/4/2002 وهي بعثة جامعة القاهرة', 'uploaded/files/cover-modified.pdf ', 'pdf ', 3000, 'no notes ', '2023-04-20 03:07:01', NULL, 'not '),
(22001, 2, 'User ', 'ملف البعثة الثانية عشر عن الاهرامات حول هرم الخوفو بتاريخ 14/4/2002 وهي بعثة جامعة القاهرة', 'uploaded/files/cover-modified.pdf ', 'pdf ', 3000, 'no notes ', '2023-04-20 03:07:01', NULL, 'not '),
(22002, 2, 'User ', 'ملف البعثة الثانية عشر عن الاهرامات حول هرم الخوفو بتاريخ 14/4/2002 وهي بعثة جامعة القاهرة', 'uploaded/files/cover-modified.pdf ', 'pdf ', 3000, 'no notes ', '2023-04-20 03:07:01', NULL, 'not '),
(22003, 2, 'User ', 'ملف البعثة الثانية عشر عن الاهرامات حول هرم الخوفو بتاريخ 14/4/2002 وهي بعثة جامعة القاهرة', 'uploaded/files/cover-modified.pdf ', 'pdf ', 3000, 'no notes ', '2023-04-20 03:07:01', NULL, 'not '),
(22004, 2, 'User ', 'ملف البعثة الثانية عشر عن الاهرامات حول هرم الخوفو بتاريخ 14/4/2002 وهي بعثة جامعة القاهرة', 'uploaded/files/cover-modified.pdf ', 'pdf ', 3000, 'no notes ', '2023-04-20 03:07:01', NULL, 'not '),
(22005, 2, 'User ', 'ملف البعثة الثانية عشر عن الاهرامات حول هرم الخوفو بتاريخ 14/4/2002 وهي بعثة جامعة القاهرة', 'uploaded/files/cover-modified.pdf ', 'pdf ', 3000, 'no notes ', '2023-04-20 03:07:01', NULL, 'not '),
(22006, 2, 'User ', 'ملف البعثة الثانية عشر عن الاهرامات حول هرم الخوفو بتاريخ 14/4/2002 وهي بعثة جامعة القاهرة', 'uploaded/files/cover-modified.pdf ', 'pdf ', 3000, 'no notes ', '2023-04-20 03:07:01', NULL, 'not '),
(22007, 2, 'User ', 'ملف البعثة الثانية عشر عن الاهرامات حول هرم الخوفو بتاريخ 14/4/2002 وهي بعثة جامعة القاهرة', 'uploaded/files/cover-modified.pdf ', 'pdf ', 3000, 'no notes ', '2023-04-20 03:07:01', NULL, 'not '),
(22008, 2, 'User ', 'ملف البعثة الثانية عشر عن الاهرامات حول هرم الخوفو بتاريخ 14/4/2002 وهي بعثة جامعة القاهرة', 'uploaded/files/cover-modified.pdf ', 'pdf ', 3000, 'no notes ', '2023-04-20 03:07:01', NULL, 'not '),
(22009, 2, 'User ', 'ملف البعثة الثانية عشر عن الاهرامات حول هرم الخوفو بتاريخ 14/4/2002 وهي بعثة جامعة القاهرة', 'uploaded/files/cover-modified.pdf ', 'pdf ', 3000, 'no notes ', '2023-04-20 03:07:01', NULL, 'not '),
(22010, 2, 'User ', 'ملف البعثة الثانية عشر عن الاهرامات حول هرم الخوفو بتاريخ 14/4/2002 وهي بعثة جامعة القاهرة', 'uploaded/files/cover-modified.pdf ', 'pdf ', 3000, 'no notes ', '2023-04-20 03:07:01', NULL, 'not '),
(22011, 2, 'User ', 'ملف البعثة الثانية عشر عن الاهرامات حول هرم الخوفو بتاريخ 14/4/2002 وهي بعثة جامعة القاهرة', 'uploaded/files/cover-modified.pdf ', 'pdf ', 3000, 'no notes ', '2023-04-20 03:07:01', NULL, 'not '),
(22012, 2, 'User ', 'ملف البعثة الثانية عشر عن الاهرامات حول هرم الخوفو بتاريخ 14/4/2002 وهي بعثة جامعة القاهرة', 'uploaded/files/cover-modified.pdf ', 'pdf ', 3000, 'no notes ', '2023-04-20 03:07:01', NULL, 'not '),
(22013, 2, 'User ', 'ملف البعثة الثانية عشر عن الاهرامات حول هرم الخوفو بتاريخ 14/4/2002 وهي بعثة جامعة القاهرة', 'uploaded/files/cover-modified.pdf ', 'pdf ', 3000, 'no notes ', '2023-04-20 03:07:01', NULL, 'not '),
(22014, 2, 'User ', 'ملف البعثة الثانية عشر عن الاهرامات حول هرم الخوفو بتاريخ 14/4/2002 وهي بعثة جامعة القاهرة', 'uploaded/files/cover-modified.pdf ', 'pdf ', 3000, 'no notes ', '2023-04-20 03:07:01', NULL, 'not '),
(22015, 2, 'User ', 'ملف البعثة الثانية عشر عن الاهرامات حول هرم الخوفو بتاريخ 14/4/2002 وهي بعثة جامعة القاهرة', 'uploaded/files/cover-modified.pdf ', 'pdf ', 3000, 'no notes ', '2023-04-20 03:07:01', NULL, 'not '),
(22016, 2, 'User ', 'ملف البعثة الثانية عشر عن الاهرامات حول هرم الخوفو بتاريخ 14/4/2002 وهي بعثة جامعة القاهرة', 'uploaded/files/cover-modified.pdf ', 'pdf ', 3000, 'no notes ', '2023-04-20 03:07:01', NULL, 'not '),
(22017, 2, 'User ', 'ملف البعثة الثانية عشر عن الاهرامات حول هرم الخوفو بتاريخ 14/4/2002 وهي بعثة جامعة القاهرة', 'uploaded/files/cover-modified.pdf ', 'pdf ', 3000, 'no notes ', '2023-04-20 03:07:01', NULL, 'not '),
(22018, 2, 'User ', 'ملف البعثة الثانية عشر عن الاهرامات حول هرم الخوفو بتاريخ 14/4/2002 وهي بعثة جامعة القاهرة', 'uploaded/files/cover-modified.pdf ', 'pdf ', 3000, 'no notes ', '2023-04-20 03:07:01', NULL, 'not '),
(22019, 2, 'User ', 'ملف البعثة الثانية عشر عن الاهرامات حول هرم الخوفو بتاريخ 14/4/2002 وهي بعثة جامعة القاهرة', 'uploaded/files/cover-modified.pdf ', 'pdf ', 3000, 'no notes ', '2023-04-20 03:07:01', NULL, 'not '),
(22020, 2, 'User ', 'ملف البعثة الثانية عشر عن الاهرامات حول هرم الخوفو بتاريخ 14/4/2002 وهي بعثة جامعة القاهرة', 'uploaded/files/cover-modified.pdf ', 'pdf ', 3000, 'no notes ', '2023-04-20 03:07:01', NULL, 'not '),
(22021, 2, 'User ', 'ملف البعثة الثانية عشر عن الاهرامات حول هرم الخوفو بتاريخ 14/4/2002 وهي بعثة جامعة القاهرة', 'uploaded/files/cover-modified.pdf ', 'pdf ', 3000, 'no notes ', '2023-04-20 03:07:01', NULL, 'not '),
(22022, 2, 'User ', 'ملف البعثة الثانية عشر عن الاهرامات حول هرم الخوفو بتاريخ 14/4/2002 وهي بعثة جامعة القاهرة', 'uploaded/files/cover-modified.pdf ', 'pdf ', 3000, 'no notes ', '2023-04-20 03:07:02', NULL, 'not '),
(22023, 2, 'User ', 'ملف البعثة الثانية عشر عن الاهرامات حول هرم الخوفو بتاريخ 14/4/2002 وهي بعثة جامعة القاهرة', 'uploaded/files/cover-modified.pdf ', 'pdf ', 3000, 'no notes ', '2023-04-20 03:07:02', NULL, 'not '),
(22024, 2, 'User ', 'ملف البعثة الثانية عشر عن الاهرامات حول هرم الخوفو بتاريخ 14/4/2002 وهي بعثة جامعة القاهرة', 'uploaded/files/cover-modified.pdf ', 'pdf ', 3000, 'no notes ', '2023-04-20 03:07:02', NULL, 'not '),
(22025, 2, 'User ', 'ملف البعثة الثانية عشر عن الاهرامات حول هرم الخوفو بتاريخ 14/4/2002 وهي بعثة جامعة القاهرة', 'uploaded/files/cover-modified.pdf ', 'pdf ', 3000, 'no notes ', '2023-04-20 03:07:02', NULL, 'not '),
(22026, 2, 'User ', 'ملف البعثة الثانية عشر عن الاهرامات حول هرم الخوفو بتاريخ 14/4/2002 وهي بعثة جامعة القاهرة', 'uploaded/files/cover-modified.pdf ', 'pdf ', 3000, 'no notes ', '2023-04-20 03:07:02', NULL, 'not '),
(22027, 2, 'User ', 'ملف البعثة الثانية عشر عن الاهرامات حول هرم الخوفو بتاريخ 14/4/2002 وهي بعثة جامعة القاهرة', 'uploaded/files/cover-modified.pdf ', 'pdf ', 3000, 'no notes ', '2023-04-20 03:07:02', NULL, 'not '),
(22028, 2, 'User ', 'ملف البعثة الثانية عشر عن الاهرامات حول هرم الخوفو بتاريخ 14/4/2002 وهي بعثة جامعة القاهرة', 'uploaded/files/cover-modified.pdf ', 'pdf ', 3000, 'no notes ', '2023-04-20 03:07:02', NULL, 'not '),
(22029, 2, 'User ', 'ملف البعثة الثانية عشر عن الاهرامات حول هرم الخوفو بتاريخ 14/4/2002 وهي بعثة جامعة القاهرة', 'uploaded/files/cover-modified.pdf ', 'pdf ', 3000, 'no notes ', '2023-04-20 03:07:02', NULL, 'not '),
(22030, 2, 'User ', 'ملف البعثة الثانية عشر عن الاهرامات حول هرم الخوفو بتاريخ 14/4/2002 وهي بعثة جامعة القاهرة', 'uploaded/files/cover-modified.pdf ', 'pdf ', 3000, 'no notes ', '2023-04-20 03:07:02', NULL, 'not '),
(22031, 2, 'User ', 'ملف البعثة الثانية عشر عن الاهرامات حول هرم الخوفو بتاريخ 14/4/2002 وهي بعثة جامعة القاهرة', 'uploaded/files/cover-modified.pdf ', 'pdf ', 3000, 'no notes ', '2023-04-20 03:07:02', NULL, 'not '),
(22032, 2, 'User ', 'ملف البعثة الثانية عشر عن الاهرامات حول هرم الخوفو بتاريخ 14/4/2002 وهي بعثة جامعة القاهرة', 'uploaded/files/cover-modified.pdf ', 'pdf ', 3000, 'no notes ', '2023-04-20 03:07:02', NULL, 'not '),
(22033, 2, 'User ', 'ملف البعثة الثانية عشر عن الاهرامات حول هرم الخوفو بتاريخ 14/4/2002 وهي بعثة جامعة القاهرة', 'uploaded/files/cover-modified.pdf ', 'pdf ', 3000, 'no notes ', '2023-04-20 03:07:02', NULL, 'not '),
(22034, 2, 'User ', 'ملف البعثة الثانية عشر عن الاهرامات حول هرم الخوفو بتاريخ 14/4/2002 وهي بعثة جامعة القاهرة', 'uploaded/files/cover-modified.pdf ', 'pdf ', 3000, 'no notes ', '2023-04-20 03:07:02', NULL, 'not '),
(22035, 2, 'User ', 'ملف البعثة الثانية عشر عن الاهرامات حول هرم الخوفو بتاريخ 14/4/2002 وهي بعثة جامعة القاهرة', 'uploaded/files/cover-modified.pdf ', 'pdf ', 3000, 'no notes ', '2023-04-20 03:07:02', NULL, 'not '),
(22036, 2, 'User ', 'ملف البعثة الثانية عشر عن الاهرامات حول هرم الخوفو بتاريخ 14/4/2002 وهي بعثة جامعة القاهرة', 'uploaded/files/cover-modified.pdf ', 'pdf ', 3000, 'no notes ', '2023-04-20 03:07:02', NULL, 'not '),
(22037, 2, 'User ', 'ملف البعثة الثانية عشر عن الاهرامات حول هرم الخوفو بتاريخ 14/4/2002 وهي بعثة جامعة القاهرة', 'uploaded/files/cover-modified.pdf ', 'pdf ', 3000, 'no notes ', '2023-04-20 03:07:02', NULL, 'not '),
(22038, 2, 'User ', 'ملف البعثة الثانية عشر عن الاهرامات حول هرم الخوفو بتاريخ 14/4/2002 وهي بعثة جامعة القاهرة', 'uploaded/files/cover-modified.pdf ', 'pdf ', 3000, 'no notes ', '2023-04-20 03:07:02', NULL, 'not '),
(22039, 2, 'User ', 'ملف البعثة الثانية عشر عن الاهرامات حول هرم الخوفو بتاريخ 14/4/2002 وهي بعثة جامعة القاهرة', 'uploaded/files/cover-modified.pdf ', 'pdf ', 3000, 'no notes ', '2023-04-20 03:07:02', NULL, 'not '),
(22040, 2, 'User ', 'ملف البعثة الثانية عشر عن الاهرامات حول هرم الخوفو بتاريخ 14/4/2002 وهي بعثة جامعة القاهرة', 'uploaded/files/cover-modified.pdf ', 'pdf ', 3000, 'no notes ', '2023-04-20 03:07:02', NULL, 'not '),
(22041, 2, 'User ', 'ملف البعثة الثانية عشر عن الاهرامات حول هرم الخوفو بتاريخ 14/4/2002 وهي بعثة جامعة القاهرة', 'uploaded/files/cover-modified.pdf ', 'pdf ', 3000, 'no notes ', '2023-04-20 03:07:02', NULL, 'not '),
(22042, 2, 'User ', 'ملف البعثة الثانية عشر عن الاهرامات حول هرم الخوفو بتاريخ 14/4/2002 وهي بعثة جامعة القاهرة', 'uploaded/files/cover-modified.pdf ', 'pdf ', 3000, 'no notes ', '2023-04-20 03:07:02', NULL, 'not '),
(22043, 2, 'User ', 'ملف البعثة الثانية عشر عن الاهرامات حول هرم الخوفو بتاريخ 14/4/2002 وهي بعثة جامعة القاهرة', 'uploaded/files/cover-modified.pdf ', 'pdf ', 3000, 'no notes ', '2023-04-20 03:07:02', NULL, 'not '),
(22044, 2, 'User ', 'ملف البعثة الثانية عشر عن الاهرامات حول هرم الخوفو بتاريخ 14/4/2002 وهي بعثة جامعة القاهرة', 'uploaded/files/cover-modified.pdf ', 'pdf ', 3000, 'no notes ', '2023-04-20 03:07:02', NULL, 'not '),
(22045, 2, 'User ', 'ملف البعثة الثانية عشر عن الاهرامات حول هرم الخوفو بتاريخ 14/4/2002 وهي بعثة جامعة القاهرة', 'uploaded/files/cover-modified.pdf ', 'pdf ', 3000, 'no notes ', '2023-04-20 03:07:02', NULL, 'not '),
(22046, 2, 'User ', 'ملف البعثة الثانية عشر عن الاهرامات حول هرم الخوفو بتاريخ 14/4/2002 وهي بعثة جامعة القاهرة', 'uploaded/files/cover-modified.pdf ', 'pdf ', 3000, 'no notes ', '2023-04-20 03:07:02', NULL, 'not '),
(22047, 2, 'User ', 'ملف البعثة الثانية عشر عن الاهرامات حول هرم الخوفو بتاريخ 14/4/2002 وهي بعثة جامعة القاهرة', 'uploaded/files/cover-modified.pdf ', 'pdf ', 3000, 'no notes ', '2023-04-20 03:07:02', NULL, 'not '),
(22048, 2, 'User ', 'ملف البعثة الثانية عشر عن الاهرامات حول هرم الخوفو بتاريخ 14/4/2002 وهي بعثة جامعة القاهرة', 'uploaded/files/cover-modified.pdf ', 'pdf ', 3000, 'no notes ', '2023-04-20 03:07:03', NULL, 'not '),
(22049, 2, 'User ', 'ملف البعثة الثانية عشر عن الاهرامات حول هرم الخوفو بتاريخ 14/4/2002 وهي بعثة جامعة القاهرة', 'uploaded/files/cover-modified.pdf ', 'pdf ', 3000, 'no notes ', '2023-04-20 03:07:03', NULL, 'not '),
(22050, 2, 'User ', 'ملف البعثة الثانية عشر عن الاهرامات حول هرم الخوفو بتاريخ 14/4/2002 وهي بعثة جامعة القاهرة', 'uploaded/files/cover-modified.pdf ', 'pdf ', 3000, 'no notes ', '2023-04-20 03:07:03', NULL, 'not '),
(22051, 2, 'User ', 'ملف البعثة الثانية عشر عن الاهرامات حول هرم الخوفو بتاريخ 14/4/2002 وهي بعثة جامعة القاهرة', 'uploaded/files/cover-modified.pdf ', 'pdf ', 3000, 'no notes ', '2023-04-20 03:07:03', NULL, 'not '),
(22052, 2, 'User ', 'ملف البعثة الثانية عشر عن الاهرامات حول هرم الخوفو بتاريخ 14/4/2002 وهي بعثة جامعة القاهرة', 'uploaded/files/cover-modified.pdf ', 'pdf ', 3000, 'no notes ', '2023-04-20 03:07:03', NULL, 'not '),
(22053, 2, 'User ', 'ملف البعثة الثانية عشر عن الاهرامات حول هرم الخوفو بتاريخ 14/4/2002 وهي بعثة جامعة القاهرة', 'uploaded/files/cover-modified.pdf ', 'pdf ', 3000, 'no notes ', '2023-04-20 03:07:03', NULL, 'not '),
(22054, 2, 'User ', 'ملف البعثة الثانية عشر عن الاهرامات حول هرم الخوفو بتاريخ 14/4/2002 وهي بعثة جامعة القاهرة', 'uploaded/files/cover-modified.pdf ', 'pdf ', 3000, 'no notes ', '2023-04-20 03:07:03', NULL, 'not '),
(22055, 2, 'User ', 'ملف البعثة الثانية عشر عن الاهرامات حول هرم الخوفو بتاريخ 14/4/2002 وهي بعثة جامعة القاهرة', 'uploaded/files/cover-modified.pdf ', 'pdf ', 3000, 'no notes ', '2023-04-20 03:07:03', NULL, 'not '),
(22056, 2, 'User ', 'ملف البعثة الثانية عشر عن الاهرامات حول هرم الخوفو بتاريخ 14/4/2002 وهي بعثة جامعة القاهرة', 'uploaded/files/cover-modified.pdf ', 'pdf ', 3000, 'no notes ', '2023-04-20 03:07:03', NULL, 'not '),
(22057, 2, 'User ', 'ملف البعثة الثانية عشر عن الاهرامات حول هرم الخوفو بتاريخ 14/4/2002 وهي بعثة جامعة القاهرة', 'uploaded/files/cover-modified.pdf ', 'pdf ', 3000, 'no notes ', '2023-04-20 03:07:03', NULL, 'not '),
(22058, 2, 'User ', 'ملف البعثة الثانية عشر عن الاهرامات حول هرم الخوفو بتاريخ 14/4/2002 وهي بعثة جامعة القاهرة', 'uploaded/files/cover-modified.pdf ', 'pdf ', 3000, 'no notes ', '2023-04-20 03:07:03', NULL, 'not '),
(22059, 2, 'User ', 'ملف البعثة الثانية عشر عن الاهرامات حول هرم الخوفو بتاريخ 14/4/2002 وهي بعثة جامعة القاهرة', 'uploaded/files/cover-modified.pdf ', 'pdf ', 3000, 'no notes ', '2023-04-20 03:07:03', NULL, 'not '),
(22060, 2, 'User ', 'ملف البعثة الثانية عشر عن الاهرامات حول هرم الخوفو بتاريخ 14/4/2002 وهي بعثة جامعة القاهرة', 'uploaded/files/cover-modified.pdf ', 'pdf ', 3000, 'no notes ', '2023-04-20 03:07:03', NULL, 'not '),
(22061, 2, 'User ', 'ملف البعثة الثانية عشر عن الاهرامات حول هرم الخوفو بتاريخ 14/4/2002 وهي بعثة جامعة القاهرة', 'uploaded/files/cover-modified.pdf ', 'pdf ', 3000, 'no notes ', '2023-04-20 03:07:03', NULL, 'not '),
(22062, 2, 'User ', 'ملف البعثة الثانية عشر عن الاهرامات حول هرم الخوفو بتاريخ 14/4/2002 وهي بعثة جامعة القاهرة', 'uploaded/files/cover-modified.pdf ', 'pdf ', 3000, 'no notes ', '2023-04-20 03:07:03', NULL, 'not '),
(22063, 2, 'User ', 'ملف البعثة الثانية عشر عن الاهرامات حول هرم الخوفو بتاريخ 14/4/2002 وهي بعثة جامعة القاهرة', 'uploaded/files/cover-modified.pdf ', 'pdf ', 3000, 'no notes ', '2023-04-20 03:07:03', NULL, 'not '),
(22064, 2, 'User ', 'ملف البعثة الثانية عشر عن الاهرامات حول هرم الخوفو بتاريخ 14/4/2002 وهي بعثة جامعة القاهرة', 'uploaded/files/cover-modified.pdf ', 'pdf ', 3000, 'no notes ', '2023-04-20 03:07:03', NULL, 'not '),
(22065, 2, 'User ', 'ملف البعثة الثانية عشر عن الاهرامات حول هرم الخوفو بتاريخ 14/4/2002 وهي بعثة جامعة القاهرة', 'uploaded/files/cover-modified.pdf ', 'pdf ', 3000, 'no notes ', '2023-04-20 03:07:03', NULL, 'not '),
(22066, 2, 'User ', 'ملف البعثة الثانية عشر عن الاهرامات حول هرم الخوفو بتاريخ 14/4/2002 وهي بعثة جامعة القاهرة', 'uploaded/files/cover-modified.pdf ', 'pdf ', 3000, 'no notes ', '2023-04-20 03:07:03', NULL, 'not '),
(22067, 2, 'User ', 'ملف البعثة الثانية عشر عن الاهرامات حول هرم الخوفو بتاريخ 14/4/2002 وهي بعثة جامعة القاهرة', 'uploaded/files/cover-modified.pdf ', 'pdf ', 3000, 'no notes ', '2023-04-20 03:07:03', NULL, 'not '),
(22068, 2, 'User ', 'ملف البعثة الثانية عشر عن الاهرامات حول هرم الخوفو بتاريخ 14/4/2002 وهي بعثة جامعة القاهرة', 'uploaded/files/cover-modified.pdf ', 'pdf ', 3000, 'no notes ', '2023-04-20 03:07:03', NULL, 'not '),
(22069, 2, 'User ', 'ملف البعثة الثانية عشر عن الاهرامات حول هرم الخوفو بتاريخ 14/4/2002 وهي بعثة جامعة القاهرة', 'uploaded/files/cover-modified.pdf ', 'pdf ', 3000, 'no notes ', '2023-04-20 03:07:03', NULL, 'not '),
(22070, 2, 'User ', 'ملف البعثة الثانية عشر عن الاهرامات حول هرم الخوفو بتاريخ 14/4/2002 وهي بعثة جامعة القاهرة', 'uploaded/files/cover-modified.pdf ', 'pdf ', 3000, 'no notes ', '2023-04-20 03:07:03', NULL, 'not '),
(22071, 2, 'User ', 'ملف البعثة الثانية عشر عن الاهرامات حول هرم الخوفو بتاريخ 14/4/2002 وهي بعثة جامعة القاهرة', 'uploaded/files/cover-modified.pdf ', 'pdf ', 3000, 'no notes ', '2023-04-20 03:07:03', NULL, 'not '),
(22072, 2, 'User ', 'ملف البعثة الثانية عشر عن الاهرامات حول هرم الخوفو بتاريخ 14/4/2002 وهي بعثة جامعة القاهرة', 'uploaded/files/cover-modified.pdf ', 'pdf ', 3000, 'no notes ', '2023-04-20 03:07:04', NULL, 'not '),
(22073, 2, 'User ', 'ملف البعثة الثانية عشر عن الاهرامات حول هرم الخوفو بتاريخ 14/4/2002 وهي بعثة جامعة القاهرة', 'uploaded/files/cover-modified.pdf ', 'pdf ', 3000, 'no notes ', '2023-04-20 03:07:04', NULL, 'not '),
(22074, 2, 'User ', 'ملف البعثة الثانية عشر عن الاهرامات حول هرم الخوفو بتاريخ 14/4/2002 وهي بعثة جامعة القاهرة', 'uploaded/files/cover-modified.pdf ', 'pdf ', 3000, 'no notes ', '2023-04-20 03:07:04', NULL, 'not '),
(22075, 2, 'User ', 'ملف البعثة الثانية عشر عن الاهرامات حول هرم الخوفو بتاريخ 14/4/2002 وهي بعثة جامعة القاهرة', 'uploaded/files/cover-modified.pdf ', 'pdf ', 3000, 'no notes ', '2023-04-20 03:07:04', NULL, 'not '),
(22076, 2, 'User ', 'ملف البعثة الثانية عشر عن الاهرامات حول هرم الخوفو بتاريخ 14/4/2002 وهي بعثة جامعة القاهرة', 'uploaded/files/cover-modified.pdf ', 'pdf ', 3000, 'no notes ', '2023-04-20 03:07:04', NULL, 'not '),
(22077, 2, 'User ', 'ملف البعثة الثانية عشر عن الاهرامات حول هرم الخوفو بتاريخ 14/4/2002 وهي بعثة جامعة القاهرة', 'uploaded/files/cover-modified.pdf ', 'pdf ', 3000, 'no notes ', '2023-04-20 03:07:04', NULL, 'not '),
(22078, 2, 'User ', 'ملف البعثة الثانية عشر عن الاهرامات حول هرم الخوفو بتاريخ 14/4/2002 وهي بعثة جامعة القاهرة', 'uploaded/files/cover-modified.pdf ', 'pdf ', 3000, 'no notes ', '2023-04-20 03:07:04', NULL, 'not '),
(22079, 2, 'User ', 'ملف البعثة الثانية عشر عن الاهرامات حول هرم الخوفو بتاريخ 14/4/2002 وهي بعثة جامعة القاهرة', 'uploaded/files/cover-modified.pdf ', 'pdf ', 3000, 'no notes ', '2023-04-20 03:07:04', NULL, 'not '),
(22080, 2, 'User ', 'ملف البعثة الثانية عشر عن الاهرامات حول هرم الخوفو بتاريخ 14/4/2002 وهي بعثة جامعة القاهرة', 'uploaded/files/cover-modified.pdf ', 'pdf ', 3000, 'no notes ', '2023-04-20 03:07:04', NULL, 'not '),
(22081, 2, 'User ', 'ملف البعثة الثانية عشر عن الاهرامات حول هرم الخوفو بتاريخ 14/4/2002 وهي بعثة جامعة القاهرة', 'uploaded/files/cover-modified.pdf ', 'pdf ', 3000, 'no notes ', '2023-04-20 03:07:04', NULL, 'not '),
(22082, 2, 'User ', 'ملف البعثة الثانية عشر عن الاهرامات حول هرم الخوفو بتاريخ 14/4/2002 وهي بعثة جامعة القاهرة', 'uploaded/files/cover-modified.pdf ', 'pdf ', 3000, 'no notes ', '2023-04-20 03:07:04', NULL, 'not '),
(22083, 2, 'User ', 'ملف البعثة الثانية عشر عن الاهرامات حول هرم الخوفو بتاريخ 14/4/2002 وهي بعثة جامعة القاهرة', 'uploaded/files/cover-modified.pdf ', 'pdf ', 3000, 'no notes ', '2023-04-20 03:07:04', NULL, 'not '),
(22084, 2, 'User ', 'ملف البعثة الثانية عشر عن الاهرامات حول هرم الخوفو بتاريخ 14/4/2002 وهي بعثة جامعة القاهرة', 'uploaded/files/cover-modified.pdf ', 'pdf ', 3000, 'no notes ', '2023-04-20 03:07:04', NULL, 'not '),
(22085, 2, 'User ', 'ملف البعثة الثانية عشر عن الاهرامات حول هرم الخوفو بتاريخ 14/4/2002 وهي بعثة جامعة القاهرة', 'uploaded/files/cover-modified.pdf ', 'pdf ', 3000, 'no notes ', '2023-04-20 03:07:04', NULL, 'not '),
(22086, 2, 'User ', 'ملف البعثة الثانية عشر عن الاهرامات حول هرم الخوفو بتاريخ 14/4/2002 وهي بعثة جامعة القاهرة', 'uploaded/files/cover-modified.pdf ', 'pdf ', 3000, 'no notes ', '2023-04-20 03:07:04', NULL, 'not '),
(22087, 2, 'User ', 'ملف البعثة الثانية عشر عن الاهرامات حول هرم الخوفو بتاريخ 14/4/2002 وهي بعثة جامعة القاهرة', 'uploaded/files/cover-modified.pdf ', 'pdf ', 3000, 'no notes ', '2023-04-20 03:07:04', NULL, 'not '),
(22088, 2, 'User ', 'ملف البعثة الثانية عشر عن الاهرامات حول هرم الخوفو بتاريخ 14/4/2002 وهي بعثة جامعة القاهرة', 'uploaded/files/cover-modified.pdf ', 'pdf ', 3000, 'no notes ', '2023-04-20 03:07:04', NULL, 'not '),
(22089, 2, 'User ', 'ملف البعثة الثانية عشر عن الاهرامات حول هرم الخوفو بتاريخ 14/4/2002 وهي بعثة جامعة القاهرة', 'uploaded/files/cover-modified.pdf ', 'pdf ', 3000, 'no notes ', '2023-04-20 03:07:04', NULL, 'not '),
(22090, 2, 'User ', 'ملف البعثة الثانية عشر عن الاهرامات حول هرم الخوفو بتاريخ 14/4/2002 وهي بعثة جامعة القاهرة', 'uploaded/files/cover-modified.pdf ', 'pdf ', 3000, 'no notes ', '2023-04-20 03:07:04', NULL, 'not '),
(22091, 2, 'User ', 'ملف البعثة الثانية عشر عن الاهرامات حول هرم الخوفو بتاريخ 14/4/2002 وهي بعثة جامعة القاهرة', 'uploaded/files/cover-modified.pdf ', 'pdf ', 3000, 'no notes ', '2023-04-20 03:07:04', NULL, 'not '),
(22092, 2, 'User ', 'ملف البعثة الثانية عشر عن الاهرامات حول هرم الخوفو بتاريخ 14/4/2002 وهي بعثة جامعة القاهرة', 'uploaded/files/cover-modified.pdf ', 'pdf ', 3000, 'no notes ', '2023-04-20 03:07:04', NULL, 'not '),
(22093, 2, 'User ', 'ملف البعثة الثانية عشر عن الاهرامات حول هرم الخوفو بتاريخ 14/4/2002 وهي بعثة جامعة القاهرة', 'uploaded/files/cover-modified.pdf ', 'pdf ', 3000, 'no notes ', '2023-04-20 03:07:04', NULL, 'not '),
(22094, 2, 'User ', 'ملف البعثة الثانية عشر عن الاهرامات حول هرم الخوفو بتاريخ 14/4/2002 وهي بعثة جامعة القاهرة', 'uploaded/files/cover-modified.pdf ', 'pdf ', 3000, 'no notes ', '2023-04-20 03:07:04', NULL, 'not '),
(22095, 2, 'User ', 'ملف البعثة الثانية عشر عن الاهرامات حول هرم الخوفو بتاريخ 14/4/2002 وهي بعثة جامعة القاهرة', 'uploaded/files/cover-modified.pdf ', 'pdf ', 3000, 'no notes ', '2023-04-20 03:07:04', NULL, 'not '),
(22096, 2, 'User ', 'ملف البعثة الثانية عشر عن الاهرامات حول هرم الخوفو بتاريخ 14/4/2002 وهي بعثة جامعة القاهرة', 'uploaded/files/cover-modified.pdf ', 'pdf ', 3000, 'no notes ', '2023-04-20 03:07:04', NULL, 'not '),
(22097, 2, 'User ', 'ملف البعثة الثانية عشر عن الاهرامات حول هرم الخوفو بتاريخ 14/4/2002 وهي بعثة جامعة القاهرة', 'uploaded/files/cover-modified.pdf ', 'pdf ', 3000, 'no notes ', '2023-04-20 03:07:04', NULL, 'not '),
(22098, 2, 'User ', 'ملف البعثة الثانية عشر عن الاهرامات حول هرم الخوفو بتاريخ 14/4/2002 وهي بعثة جامعة القاهرة', 'uploaded/files/cover-modified.pdf ', 'pdf ', 3000, 'no notes ', '2023-04-20 03:07:04', NULL, 'not '),
(22099, 2, 'User ', 'ملف البعثة الثانية عشر عن الاهرامات حول هرم الخوفو بتاريخ 14/4/2002 وهي بعثة جامعة القاهرة', 'uploaded/files/cover-modified.pdf ', 'pdf ', 3000, 'no notes ', '2023-04-20 03:07:04', NULL, 'not '),
(22100, 2, 'User ', 'ملف البعثة الثانية عشر عن الاهرامات حول هرم الخوفو بتاريخ 14/4/2002 وهي بعثة جامعة القاهرة', 'uploaded/files/cover-modified.pdf ', 'pdf ', 3000, 'no notes ', '2023-04-20 03:07:04', NULL, 'not '),
(22101, 2, 'User ', 'ملف البعثة الثانية عشر عن الاهرامات حول هرم الخوفو بتاريخ 14/4/2002 وهي بعثة جامعة القاهرة', 'uploaded/files/cover-modified.pdf ', 'pdf ', 3000, 'no notes ', '2023-04-20 03:07:04', NULL, 'not '),
(22102, 2, 'User ', 'ملف البعثة الثانية عشر عن الاهرامات حول هرم الخوفو بتاريخ 14/4/2002 وهي بعثة جامعة القاهرة', 'uploaded/files/cover-modified.pdf ', 'pdf ', 3000, 'no notes ', '2023-04-20 03:07:04', NULL, 'not '),
(22103, 2, 'User ', 'ملف البعثة الثانية عشر عن الاهرامات حول هرم الخوفو بتاريخ 14/4/2002 وهي بعثة جامعة القاهرة', 'uploaded/files/cover-modified.pdf ', 'pdf ', 3000, 'no notes ', '2023-04-20 03:07:04', NULL, 'not '),
(22104, 2, 'User ', 'ملف البعثة الثانية عشر عن الاهرامات حول هرم الخوفو بتاريخ 14/4/2002 وهي بعثة جامعة القاهرة', 'uploaded/files/cover-modified.pdf ', 'pdf ', 3000, 'no notes ', '2023-04-20 03:07:04', NULL, 'not '),
(22105, 2, 'User ', 'ملف البعثة الثانية عشر عن الاهرامات حول هرم الخوفو بتاريخ 14/4/2002 وهي بعثة جامعة القاهرة', 'uploaded/files/cover-modified.pdf ', 'pdf ', 3000, 'no notes ', '2023-04-20 03:07:04', NULL, 'not '),
(22106, 2, 'User ', 'ملف البعثة الثانية عشر عن الاهرامات حول هرم الخوفو بتاريخ 14/4/2002 وهي بعثة جامعة القاهرة', 'uploaded/files/cover-modified.pdf ', 'pdf ', 3000, 'no notes ', '2023-04-20 03:07:04', NULL, 'not '),
(22107, 2, 'User ', 'ملف البعثة الثانية عشر عن الاهرامات حول هرم الخوفو بتاريخ 14/4/2002 وهي بعثة جامعة القاهرة', 'uploaded/files/cover-modified.pdf ', 'pdf ', 3000, 'no notes ', '2023-04-20 03:07:04', NULL, 'not '),
(22108, 2, 'User ', 'ملف البعثة الثانية عشر عن الاهرامات حول هرم الخوفو بتاريخ 14/4/2002 وهي بعثة جامعة القاهرة', 'uploaded/files/cover-modified.pdf ', 'pdf ', 3000, 'no notes ', '2023-04-20 03:07:04', NULL, 'not '),
(22109, 2, 'User ', 'ملف البعثة الثانية عشر عن الاهرامات حول هرم الخوفو بتاريخ 14/4/2002 وهي بعثة جامعة القاهرة', 'uploaded/files/cover-modified.pdf ', 'pdf ', 3000, 'no notes ', '2023-04-20 03:07:04', NULL, 'not '),
(22110, 2, 'User ', 'ملف البعثة الثانية عشر عن الاهرامات حول هرم الخوفو بتاريخ 14/4/2002 وهي بعثة جامعة القاهرة', 'uploaded/files/cover-modified.pdf ', 'pdf ', 3000, 'no notes ', '2023-04-20 03:07:05', NULL, 'not '),
(22111, 2, 'User ', 'ملف البعثة الثانية عشر عن الاهرامات حول هرم الخوفو بتاريخ 14/4/2002 وهي بعثة جامعة القاهرة', 'uploaded/files/cover-modified.pdf ', 'pdf ', 3000, 'no notes ', '2023-04-20 03:07:05', NULL, 'not '),
(22112, 2, 'User ', 'ملف البعثة الثانية عشر عن الاهرامات حول هرم الخوفو بتاريخ 14/4/2002 وهي بعثة جامعة القاهرة', 'uploaded/files/cover-modified.pdf ', 'pdf ', 3000, 'no notes ', '2023-04-20 03:07:05', NULL, 'not '),
(22113, 2, 'User ', 'ملف البعثة الثانية عشر عن الاهرامات حول هرم الخوفو بتاريخ 14/4/2002 وهي بعثة جامعة القاهرة', 'uploaded/files/cover-modified.pdf ', 'pdf ', 3000, 'no notes ', '2023-04-20 03:07:05', NULL, 'not '),
(22114, 2, 'User ', 'ملف البعثة الثانية عشر عن الاهرامات حول هرم الخوفو بتاريخ 14/4/2002 وهي بعثة جامعة القاهرة', 'uploaded/files/cover-modified.pdf ', 'pdf ', 3000, 'no notes ', '2023-04-20 03:07:05', NULL, 'not '),
(22115, 2, 'User ', 'ملف البعثة الثانية عشر عن الاهرامات حول هرم الخوفو بتاريخ 14/4/2002 وهي بعثة جامعة القاهرة', 'uploaded/files/cover-modified.pdf ', 'pdf ', 3000, 'no notes ', '2023-04-20 03:07:05', NULL, 'not '),
(22116, 2, 'User ', 'ملف البعثة الثانية عشر عن الاهرامات حول هرم الخوفو بتاريخ 14/4/2002 وهي بعثة جامعة القاهرة', 'uploaded/files/cover-modified.pdf ', 'pdf ', 3000, 'no notes ', '2023-04-20 03:07:05', NULL, 'not '),
(22117, 2, 'User ', 'ملف البعثة الثانية عشر عن الاهرامات حول هرم الخوفو بتاريخ 14/4/2002 وهي بعثة جامعة القاهرة', 'uploaded/files/cover-modified.pdf ', 'pdf ', 3000, 'no notes ', '2023-04-20 03:07:05', NULL, 'not '),
(22118, 2, 'User ', 'ملف البعثة الثانية عشر عن الاهرامات حول هرم الخوفو بتاريخ 14/4/2002 وهي بعثة جامعة القاهرة', 'uploaded/files/cover-modified.pdf ', 'pdf ', 3000, 'no notes ', '2023-04-20 03:07:05', NULL, 'not '),
(22119, 2, 'User ', 'ملف البعثة الثانية عشر عن الاهرامات حول هرم الخوفو بتاريخ 14/4/2002 وهي بعثة جامعة القاهرة', 'uploaded/files/cover-modified.pdf ', 'pdf ', 3000, 'no notes ', '2023-04-20 03:07:05', NULL, 'not '),
(22120, 2, 'User ', 'ملف البعثة الثانية عشر عن الاهرامات حول هرم الخوفو بتاريخ 14/4/2002 وهي بعثة جامعة القاهرة', 'uploaded/files/cover-modified.pdf ', 'pdf ', 3000, 'no notes ', '2023-04-20 03:07:05', NULL, 'not '),
(22121, 2, 'User ', 'ملف البعثة الثانية عشر عن الاهرامات حول هرم الخوفو بتاريخ 14/4/2002 وهي بعثة جامعة القاهرة', 'uploaded/files/cover-modified.pdf ', 'pdf ', 3000, 'no notes ', '2023-04-20 03:07:05', NULL, 'not '),
(22122, 2, 'User ', 'ملف البعثة الثانية عشر عن الاهرامات حول هرم الخوفو بتاريخ 14/4/2002 وهي بعثة جامعة القاهرة', 'uploaded/files/cover-modified.pdf ', 'pdf ', 3000, 'no notes ', '2023-04-20 03:07:05', NULL, 'not '),
(22123, 2, 'User ', 'ملف البعثة الثانية عشر عن الاهرامات حول هرم الخوفو بتاريخ 14/4/2002 وهي بعثة جامعة القاهرة', 'uploaded/files/cover-modified.pdf ', 'pdf ', 3000, 'no notes ', '2023-04-20 03:07:05', NULL, 'not '),
(22124, 2, 'User ', 'ملف البعثة الثانية عشر عن الاهرامات حول هرم الخوفو بتاريخ 14/4/2002 وهي بعثة جامعة القاهرة', 'uploaded/files/cover-modified.pdf ', 'pdf ', 3000, 'no notes ', '2023-04-20 03:07:05', NULL, 'not '),
(22125, 2, 'User ', 'ملف البعثة الثانية عشر عن الاهرامات حول هرم الخوفو بتاريخ 14/4/2002 وهي بعثة جامعة القاهرة', 'uploaded/files/cover-modified.pdf ', 'pdf ', 3000, 'no notes ', '2023-04-20 03:07:05', NULL, 'not '),
(22126, 2, 'User ', 'ملف البعثة الثانية عشر عن الاهرامات حول هرم الخوفو بتاريخ 14/4/2002 وهي بعثة جامعة القاهرة', 'uploaded/files/cover-modified.pdf ', 'pdf ', 3000, 'no notes ', '2023-04-20 03:07:05', NULL, 'not '),
(22127, 2, 'User ', 'ملف البعثة الثانية عشر عن الاهرامات حول هرم الخوفو بتاريخ 14/4/2002 وهي بعثة جامعة القاهرة', 'uploaded/files/cover-modified.pdf ', 'pdf ', 3000, 'no notes ', '2023-04-20 03:07:05', NULL, 'not '),
(22128, 2, 'User ', 'ملف البعثة الثانية عشر عن الاهرامات حول هرم الخوفو بتاريخ 14/4/2002 وهي بعثة جامعة القاهرة', 'uploaded/files/cover-modified.pdf ', 'pdf ', 3000, 'no notes ', '2023-04-20 03:07:05', NULL, 'not '),
(22129, 2, 'User ', 'ملف البعثة الثانية عشر عن الاهرامات حول هرم الخوفو بتاريخ 14/4/2002 وهي بعثة جامعة القاهرة', 'uploaded/files/cover-modified.pdf ', 'pdf ', 3000, 'no notes ', '2023-04-20 03:07:05', NULL, 'not '),
(22130, 2, 'User ', 'ملف البعثة الثانية عشر عن الاهرامات حول هرم الخوفو بتاريخ 14/4/2002 وهي بعثة جامعة القاهرة', 'uploaded/files/cover-modified.pdf ', 'pdf ', 3000, 'no notes ', '2023-04-20 03:07:05', NULL, 'not '),
(22131, 2, 'User ', 'ملف البعثة الثانية عشر عن الاهرامات حول هرم الخوفو بتاريخ 14/4/2002 وهي بعثة جامعة القاهرة', 'uploaded/files/cover-modified.pdf ', 'pdf ', 3000, 'no notes ', '2023-04-20 03:07:05', NULL, 'not '),
(22132, 2, 'User ', 'ملف البعثة الثانية عشر عن الاهرامات حول هرم الخوفو بتاريخ 14/4/2002 وهي بعثة جامعة القاهرة', 'uploaded/files/cover-modified.pdf ', 'pdf ', 3000, 'no notes ', '2023-04-20 03:07:05', NULL, 'not '),
(22133, 2, 'User ', 'ملف البعثة الثانية عشر عن الاهرامات حول هرم الخوفو بتاريخ 14/4/2002 وهي بعثة جامعة القاهرة', 'uploaded/files/cover-modified.pdf ', 'pdf ', 3000, 'no notes ', '2023-04-20 03:07:05', NULL, 'not '),
(22134, 2, 'User ', 'ملف البعثة الثانية عشر عن الاهرامات حول هرم الخوفو بتاريخ 14/4/2002 وهي بعثة جامعة القاهرة', 'uploaded/files/cover-modified.pdf ', 'pdf ', 3000, 'no notes ', '2023-04-20 03:07:05', NULL, 'not '),
(22135, 2, 'User ', 'ملف البعثة الثانية عشر عن الاهرامات حول هرم الخوفو بتاريخ 14/4/2002 وهي بعثة جامعة القاهرة', 'uploaded/files/cover-modified.pdf ', 'pdf ', 3000, 'no notes ', '2023-04-20 03:07:05', NULL, 'not '),
(22136, 2, 'User ', 'ملف البعثة الثانية عشر عن الاهرامات حول هرم الخوفو بتاريخ 14/4/2002 وهي بعثة جامعة القاهرة', 'uploaded/files/cover-modified.pdf ', 'pdf ', 3000, 'no notes ', '2023-04-20 03:07:06', NULL, 'not '),
(22137, 2, 'User ', 'ملف البعثة الثانية عشر عن الاهرامات حول هرم الخوفو بتاريخ 14/4/2002 وهي بعثة جامعة القاهرة', 'uploaded/files/cover-modified.pdf ', 'pdf ', 3000, 'no notes ', '2023-04-20 03:07:06', NULL, 'not '),
(22138, 2, 'User ', 'ملف البعثة الثانية عشر عن الاهرامات حول هرم الخوفو بتاريخ 14/4/2002 وهي بعثة جامعة القاهرة', 'uploaded/files/cover-modified.pdf ', 'pdf ', 3000, 'no notes ', '2023-04-20 03:07:06', NULL, 'not '),
(22139, 2, 'User ', 'ملف البعثة الثانية عشر عن الاهرامات حول هرم الخوفو بتاريخ 14/4/2002 وهي بعثة جامعة القاهرة', 'uploaded/files/cover-modified.pdf ', 'pdf ', 3000, 'no notes ', '2023-04-20 03:07:06', NULL, 'not '),
(22140, 2, 'User ', 'ملف البعثة الثانية عشر عن الاهرامات حول هرم الخوفو بتاريخ 14/4/2002 وهي بعثة جامعة القاهرة', 'uploaded/files/cover-modified.pdf ', 'pdf ', 3000, 'no notes ', '2023-04-20 03:07:06', NULL, 'not '),
(22141, 2, 'User ', 'ملف البعثة الثانية عشر عن الاهرامات حول هرم الخوفو بتاريخ 14/4/2002 وهي بعثة جامعة القاهرة', 'uploaded/files/cover-modified.pdf ', 'pdf ', 3000, 'no notes ', '2023-04-20 03:07:06', NULL, 'not '),
(22142, 2, 'User ', 'ملف البعثة الثانية عشر عن الاهرامات حول هرم الخوفو بتاريخ 14/4/2002 وهي بعثة جامعة القاهرة', 'uploaded/files/cover-modified.pdf ', 'pdf ', 3000, 'no notes ', '2023-04-20 03:07:06', NULL, 'not '),
(22143, 2, 'User ', 'ملف البعثة الثانية عشر عن الاهرامات حول هرم الخوفو بتاريخ 14/4/2002 وهي بعثة جامعة القاهرة', 'uploaded/files/cover-modified.pdf ', 'pdf ', 3000, 'no notes ', '2023-04-20 03:07:06', NULL, 'not '),
(22144, 2, 'User ', 'ملف البعثة الثانية عشر عن الاهرامات حول هرم الخوفو بتاريخ 14/4/2002 وهي بعثة جامعة القاهرة', 'uploaded/files/cover-modified.pdf ', 'pdf ', 3000, 'no notes ', '2023-04-20 03:07:06', NULL, 'not '),
(22145, 2, 'User ', 'ملف البعثة الثانية عشر عن الاهرامات حول هرم الخوفو بتاريخ 14/4/2002 وهي بعثة جامعة القاهرة', 'uploaded/files/cover-modified.pdf ', 'pdf ', 3000, 'no notes ', '2023-04-20 03:07:06', NULL, 'not '),
(22146, 2, 'User ', 'ملف البعثة الثانية عشر عن الاهرامات حول هرم الخوفو بتاريخ 14/4/2002 وهي بعثة جامعة القاهرة', 'uploaded/files/cover-modified.pdf ', 'pdf ', 3000, 'no notes ', '2023-04-20 03:07:06', NULL, 'not '),
(22147, 2, 'User ', 'ملف البعثة الثانية عشر عن الاهرامات حول هرم الخوفو بتاريخ 14/4/2002 وهي بعثة جامعة القاهرة', 'uploaded/files/cover-modified.pdf ', 'pdf ', 3000, 'no notes ', '2023-04-20 03:07:06', NULL, 'not '),
(22148, 2, 'User ', 'ملف البعثة الثانية عشر عن الاهرامات حول هرم الخوفو بتاريخ 14/4/2002 وهي بعثة جامعة القاهرة', 'uploaded/files/cover-modified.pdf ', 'pdf ', 3000, 'no notes ', '2023-04-20 03:07:06', NULL, 'not '),
(22149, 2, 'User ', 'ملف البعثة الثانية عشر عن الاهرامات حول هرم الخوفو بتاريخ 14/4/2002 وهي بعثة جامعة القاهرة', 'uploaded/files/cover-modified.pdf ', 'pdf ', 3000, 'no notes ', '2023-04-20 03:07:06', NULL, 'not '),
(22150, 2, 'User ', 'ملف البعثة الثانية عشر عن الاهرامات حول هرم الخوفو بتاريخ 14/4/2002 وهي بعثة جامعة القاهرة', 'uploaded/files/cover-modified.pdf ', 'pdf ', 3000, 'no notes ', '2023-04-20 03:07:06', NULL, 'not '),
(22151, 2, 'User ', 'ملف البعثة الثانية عشر عن الاهرامات حول هرم الخوفو بتاريخ 14/4/2002 وهي بعثة جامعة القاهرة', 'uploaded/files/cover-modified.pdf ', 'pdf ', 3000, 'no notes ', '2023-04-20 03:07:06', NULL, 'not '),
(22152, 2, 'User ', 'ملف البعثة الثانية عشر عن الاهرامات حول هرم الخوفو بتاريخ 14/4/2002 وهي بعثة جامعة القاهرة', 'uploaded/files/cover-modified.pdf ', 'pdf ', 3000, 'no notes ', '2023-04-20 03:07:06', NULL, 'not '),
(22153, 2, 'User ', 'ملف البعثة الثانية عشر عن الاهرامات حول هرم الخوفو بتاريخ 14/4/2002 وهي بعثة جامعة القاهرة', 'uploaded/files/cover-modified.pdf ', 'pdf ', 3000, 'no notes ', '2023-04-20 03:07:06', NULL, 'not '),
(22154, 2, 'User ', 'ملف البعثة الثانية عشر عن الاهرامات حول هرم الخوفو بتاريخ 14/4/2002 وهي بعثة جامعة القاهرة', 'uploaded/files/cover-modified.pdf ', 'pdf ', 3000, 'no notes ', '2023-04-20 03:07:06', NULL, 'not '),
(22155, 2, 'User ', 'ملف البعثة الثانية عشر عن الاهرامات حول هرم الخوفو بتاريخ 14/4/2002 وهي بعثة جامعة القاهرة', 'uploaded/files/cover-modified.pdf ', 'pdf ', 3000, 'no notes ', '2023-04-20 03:07:06', NULL, 'not '),
(22156, 2, 'User ', 'ملف البعثة الثانية عشر عن الاهرامات حول هرم الخوفو بتاريخ 14/4/2002 وهي بعثة جامعة القاهرة', 'uploaded/files/cover-modified.pdf ', 'pdf ', 3000, 'no notes ', '2023-04-20 03:07:06', NULL, 'not '),
(22157, 2, 'User ', 'ملف البعثة الثانية عشر عن الاهرامات حول هرم الخوفو بتاريخ 14/4/2002 وهي بعثة جامعة القاهرة', 'uploaded/files/cover-modified.pdf ', 'pdf ', 3000, 'no notes ', '2023-04-20 03:07:06', NULL, 'not '),
(22158, 2, 'User ', 'ملف البعثة الثانية عشر عن الاهرامات حول هرم الخوفو بتاريخ 14/4/2002 وهي بعثة جامعة القاهرة', 'uploaded/files/cover-modified.pdf ', 'pdf ', 3000, 'no notes ', '2023-04-20 03:07:06', NULL, 'not '),
(22159, 2, 'User ', 'ملف البعثة الثانية عشر عن الاهرامات حول هرم الخوفو بتاريخ 14/4/2002 وهي بعثة جامعة القاهرة', 'uploaded/files/cover-modified.pdf ', 'pdf ', 3000, 'no notes ', '2023-04-20 03:07:06', NULL, 'not '),
(22160, 2, 'User ', 'ملف البعثة الثانية عشر عن الاهرامات حول هرم الخوفو بتاريخ 14/4/2002 وهي بعثة جامعة القاهرة', 'uploaded/files/cover-modified.pdf ', 'pdf ', 3000, 'no notes ', '2023-04-20 03:07:06', NULL, 'not '),
(22161, 2, 'User ', 'ملف البعثة الثانية عشر عن الاهرامات حول هرم الخوفو بتاريخ 14/4/2002 وهي بعثة جامعة القاهرة', 'uploaded/files/cover-modified.pdf ', 'pdf ', 3000, 'no notes ', '2023-04-20 03:07:06', NULL, 'not '),
(22162, 2, 'User ', 'ملف البعثة الثانية عشر عن الاهرامات حول هرم الخوفو بتاريخ 14/4/2002 وهي بعثة جامعة القاهرة', 'uploaded/files/cover-modified.pdf ', 'pdf ', 3000, 'no notes ', '2023-04-20 03:07:07', NULL, 'not '),
(22163, 2, 'User ', 'ملف البعثة الثانية عشر عن الاهرامات حول هرم الخوفو بتاريخ 14/4/2002 وهي بعثة جامعة القاهرة', 'uploaded/files/cover-modified.pdf ', 'pdf ', 3000, 'no notes ', '2023-04-20 03:07:07', NULL, 'not '),
(22164, 2, 'User ', 'ملف البعثة الثانية عشر عن الاهرامات حول هرم الخوفو بتاريخ 14/4/2002 وهي بعثة جامعة القاهرة', 'uploaded/files/cover-modified.pdf ', 'pdf ', 3000, 'no notes ', '2023-04-20 03:07:07', NULL, 'not '),
(22165, 2, 'User ', 'ملف البعثة الثانية عشر عن الاهرامات حول هرم الخوفو بتاريخ 14/4/2002 وهي بعثة جامعة القاهرة', 'uploaded/files/cover-modified.pdf ', 'pdf ', 3000, 'no notes ', '2023-04-20 03:07:07', NULL, 'not '),
(22166, 2, 'User ', 'ملف البعثة الثانية عشر عن الاهرامات حول هرم الخوفو بتاريخ 14/4/2002 وهي بعثة جامعة القاهرة', 'uploaded/files/cover-modified.pdf ', 'pdf ', 3000, 'no notes ', '2023-04-20 03:07:07', NULL, 'not '),
(22167, 2, 'User ', 'ملف البعثة الثانية عشر عن الاهرامات حول هرم الخوفو بتاريخ 14/4/2002 وهي بعثة جامعة القاهرة', 'uploaded/files/cover-modified.pdf ', 'pdf ', 3000, 'no notes ', '2023-04-20 03:07:07', NULL, 'not '),
(22168, 2, 'User ', 'ملف البعثة الثانية عشر عن الاهرامات حول هرم الخوفو بتاريخ 14/4/2002 وهي بعثة جامعة القاهرة', 'uploaded/files/cover-modified.pdf ', 'pdf ', 3000, 'no notes ', '2023-04-20 03:07:07', NULL, 'not '),
(22169, 2, 'User ', 'ملف البعثة الثانية عشر عن الاهرامات حول هرم الخوفو بتاريخ 14/4/2002 وهي بعثة جامعة القاهرة', 'uploaded/files/cover-modified.pdf ', 'pdf ', 3000, 'no notes ', '2023-04-20 03:07:07', NULL, 'not '),
(22170, 2, 'User ', 'ملف البعثة الثانية عشر عن الاهرامات حول هرم الخوفو بتاريخ 14/4/2002 وهي بعثة جامعة القاهرة', 'uploaded/files/cover-modified.pdf ', 'pdf ', 3000, 'no notes ', '2023-04-20 03:07:07', NULL, 'not '),
(22171, 2, 'User ', 'ملف البعثة الثانية عشر عن الاهرامات حول هرم الخوفو بتاريخ 14/4/2002 وهي بعثة جامعة القاهرة', 'uploaded/files/cover-modified.pdf ', 'pdf ', 3000, 'no notes ', '2023-04-20 03:07:07', NULL, 'not '),
(22172, 2, 'User ', 'ملف البعثة الثانية عشر عن الاهرامات حول هرم الخوفو بتاريخ 14/4/2002 وهي بعثة جامعة القاهرة', 'uploaded/files/cover-modified.pdf ', 'pdf ', 3000, 'no notes ', '2023-04-20 03:07:07', NULL, 'not '),
(22173, 2, 'User ', 'ملف البعثة الثانية عشر عن الاهرامات حول هرم الخوفو بتاريخ 14/4/2002 وهي بعثة جامعة القاهرة', 'uploaded/files/cover-modified.pdf ', 'pdf ', 3000, 'no notes ', '2023-04-20 03:07:07', NULL, 'not '),
(22174, 2, 'User ', 'ملف البعثة الثانية عشر عن الاهرامات حول هرم الخوفو بتاريخ 14/4/2002 وهي بعثة جامعة القاهرة', 'uploaded/files/cover-modified.pdf ', 'pdf ', 3000, 'no notes ', '2023-04-20 03:07:07', NULL, 'not '),
(22175, 2, 'User ', 'ملف البعثة الثانية عشر عن الاهرامات حول هرم الخوفو بتاريخ 14/4/2002 وهي بعثة جامعة القاهرة', 'uploaded/files/cover-modified.pdf ', 'pdf ', 3000, 'no notes ', '2023-04-20 03:07:07', NULL, 'not '),
(22176, 2, 'User ', 'ملف البعثة الثانية عشر عن الاهرامات حول هرم الخوفو بتاريخ 14/4/2002 وهي بعثة جامعة القاهرة', 'uploaded/files/cover-modified.pdf ', 'pdf ', 3000, 'no notes ', '2023-04-20 03:07:07', NULL, 'not '),
(22177, 2, 'User ', 'ملف البعثة الثانية عشر عن الاهرامات حول هرم الخوفو بتاريخ 14/4/2002 وهي بعثة جامعة القاهرة', 'uploaded/files/cover-modified.pdf ', 'pdf ', 3000, 'no notes ', '2023-04-20 03:07:07', NULL, 'not '),
(22178, 2, 'User ', 'ملف البعثة الثانية عشر عن الاهرامات حول هرم الخوفو بتاريخ 14/4/2002 وهي بعثة جامعة القاهرة', 'uploaded/files/cover-modified.pdf ', 'pdf ', 3000, 'no notes ', '2023-04-20 03:07:07', NULL, 'not '),
(22179, 2, 'User ', 'ملف البعثة الثانية عشر عن الاهرامات حول هرم الخوفو بتاريخ 14/4/2002 وهي بعثة جامعة القاهرة', 'uploaded/files/cover-modified.pdf ', 'pdf ', 3000, 'no notes ', '2023-04-20 03:07:07', NULL, 'not '),
(22180, 2, 'User ', 'ملف البعثة الثانية عشر عن الاهرامات حول هرم الخوفو بتاريخ 14/4/2002 وهي بعثة جامعة القاهرة', 'uploaded/files/cover-modified.pdf ', 'pdf ', 3000, 'no notes ', '2023-04-20 03:07:07', NULL, 'not '),
(22181, 2, 'User ', 'ملف البعثة الثانية عشر عن الاهرامات حول هرم الخوفو بتاريخ 14/4/2002 وهي بعثة جامعة القاهرة', 'uploaded/files/cover-modified.pdf ', 'pdf ', 3000, 'no notes ', '2023-04-20 03:07:07', NULL, 'not '),
(22182, 2, 'User ', 'ملف البعثة الثانية عشر عن الاهرامات حول هرم الخوفو بتاريخ 14/4/2002 وهي بعثة جامعة القاهرة', 'uploaded/files/cover-modified.pdf ', 'pdf ', 3000, 'no notes ', '2023-04-20 03:07:07', NULL, 'not '),
(22183, 2, 'User ', 'ملف البعثة الثانية عشر عن الاهرامات حول هرم الخوفو بتاريخ 14/4/2002 وهي بعثة جامعة القاهرة', 'uploaded/files/cover-modified.pdf ', 'pdf ', 3000, 'no notes ', '2023-04-20 03:07:07', NULL, 'not '),
(22184, 2, 'User ', 'ملف البعثة الثانية عشر عن الاهرامات حول هرم الخوفو بتاريخ 14/4/2002 وهي بعثة جامعة القاهرة', 'uploaded/files/cover-modified.pdf ', 'pdf ', 3000, 'no notes ', '2023-04-20 03:07:07', NULL, 'not '),
(22185, 2, 'User ', 'ملف البعثة الثانية عشر عن الاهرامات حول هرم الخوفو بتاريخ 14/4/2002 وهي بعثة جامعة القاهرة', 'uploaded/files/cover-modified.pdf ', 'pdf ', 3000, 'no notes ', '2023-04-20 03:07:07', NULL, 'not '),
(22186, 2, 'User ', 'ملف البعثة الثانية عشر عن الاهرامات حول هرم الخوفو بتاريخ 14/4/2002 وهي بعثة جامعة القاهرة', 'uploaded/files/cover-modified.pdf ', 'pdf ', 3000, 'no notes ', '2023-04-20 03:07:07', NULL, 'not '),
(22187, 2, 'User ', 'ملف البعثة الثانية عشر عن الاهرامات حول هرم الخوفو بتاريخ 14/4/2002 وهي بعثة جامعة القاهرة', 'uploaded/files/cover-modified.pdf ', 'pdf ', 3000, 'no notes ', '2023-04-20 03:07:07', NULL, 'not '),
(22188, 2, 'User ', 'ملف البعثة الثانية عشر عن الاهرامات حول هرم الخوفو بتاريخ 14/4/2002 وهي بعثة جامعة القاهرة', 'uploaded/files/cover-modified.pdf ', 'pdf ', 3000, 'no notes ', '2023-04-20 03:07:07', NULL, 'not '),
(22189, 2, 'User ', 'ملف البعثة الثانية عشر عن الاهرامات حول هرم الخوفو بتاريخ 14/4/2002 وهي بعثة جامعة القاهرة', 'uploaded/files/cover-modified.pdf ', 'pdf ', 3000, 'no notes ', '2023-04-20 03:07:07', NULL, 'not ');
INSERT INTO `files` (`file_id`, `user_id`, `user_name`, `file_name`, `file_path`, `file_extension`, `file_size`, `notes`, `created_at`, `updated_at`, `updated_by`) VALUES
(22190, 2, 'User ', 'ملف البعثة الثانية عشر عن الاهرامات حول هرم الخوفو بتاريخ 14/4/2002 وهي بعثة جامعة القاهرة', 'uploaded/files/cover-modified.pdf ', 'pdf ', 3000, 'no notes ', '2023-04-20 03:07:08', NULL, 'not '),
(22191, 2, 'User ', 'ملف البعثة الثانية عشر عن الاهرامات حول هرم الخوفو بتاريخ 14/4/2002 وهي بعثة جامعة القاهرة', 'uploaded/files/cover-modified.pdf ', 'pdf ', 3000, 'no notes ', '2023-04-20 03:07:08', NULL, 'not '),
(22192, 2, 'User ', 'ملف البعثة الثانية عشر عن الاهرامات حول هرم الخوفو بتاريخ 14/4/2002 وهي بعثة جامعة القاهرة', 'uploaded/files/cover-modified.pdf ', 'pdf ', 3000, 'no notes ', '2023-04-20 03:07:08', NULL, 'not '),
(22193, 2, 'User ', 'ملف البعثة الثانية عشر عن الاهرامات حول هرم الخوفو بتاريخ 14/4/2002 وهي بعثة جامعة القاهرة', 'uploaded/files/cover-modified.pdf ', 'pdf ', 3000, 'no notes ', '2023-04-20 03:07:08', NULL, 'not '),
(22194, 2, 'User ', 'ملف البعثة الثانية عشر عن الاهرامات حول هرم الخوفو بتاريخ 14/4/2002 وهي بعثة جامعة القاهرة', 'uploaded/files/cover-modified.pdf ', 'pdf ', 3000, 'no notes ', '2023-04-20 03:07:08', NULL, 'not '),
(22195, 2, 'User ', 'ملف البعثة الثانية عشر عن الاهرامات حول هرم الخوفو بتاريخ 14/4/2002 وهي بعثة جامعة القاهرة', 'uploaded/files/cover-modified.pdf ', 'pdf ', 3000, 'no notes ', '2023-04-20 03:07:08', NULL, 'not '),
(22196, 2, 'User ', 'ملف البعثة الثانية عشر عن الاهرامات حول هرم الخوفو بتاريخ 14/4/2002 وهي بعثة جامعة القاهرة', 'uploaded/files/cover-modified.pdf ', 'pdf ', 3000, 'no notes ', '2023-04-20 03:07:08', NULL, 'not '),
(22197, 2, 'User ', 'ملف البعثة الثانية عشر عن الاهرامات حول هرم الخوفو بتاريخ 14/4/2002 وهي بعثة جامعة القاهرة', 'uploaded/files/cover-modified.pdf ', 'pdf ', 3000, 'no notes ', '2023-04-20 03:07:08', NULL, 'not '),
(22198, 2, 'User ', 'ملف البعثة الثانية عشر عن الاهرامات حول هرم الخوفو بتاريخ 14/4/2002 وهي بعثة جامعة القاهرة', 'uploaded/files/cover-modified.pdf ', 'pdf ', 3000, 'no notes ', '2023-04-20 03:07:08', NULL, 'not '),
(22199, 2, 'User ', 'ملف البعثة الثانية عشر عن الاهرامات حول هرم الخوفو بتاريخ 14/4/2002 وهي بعثة جامعة القاهرة', 'uploaded/files/cover-modified.pdf ', 'pdf ', 3000, 'no notes ', '2023-04-20 03:07:08', NULL, 'not '),
(22200, 2, 'User ', 'ملف البعثة الثانية عشر عن الاهرامات حول هرم الخوفو بتاريخ 14/4/2002 وهي بعثة جامعة القاهرة', 'uploaded/files/cover-modified.pdf ', 'pdf ', 3000, 'no notes ', '2023-04-20 03:07:08', NULL, 'not '),
(22201, 2, 'User ', 'ملف البعثة الثانية عشر عن الاهرامات حول هرم الخوفو بتاريخ 14/4/2002 وهي بعثة جامعة القاهرة', 'uploaded/files/cover-modified.pdf ', 'pdf ', 3000, 'no notes ', '2023-04-20 03:07:08', NULL, 'not '),
(22202, 2, 'User ', 'ملف البعثة الثانية عشر عن الاهرامات حول هرم الخوفو بتاريخ 14/4/2002 وهي بعثة جامعة القاهرة', 'uploaded/files/cover-modified.pdf ', 'pdf ', 3000, 'no notes ', '2023-04-20 03:07:08', NULL, 'not '),
(22203, 2, 'User ', 'ملف البعثة الثانية عشر عن الاهرامات حول هرم الخوفو بتاريخ 14/4/2002 وهي بعثة جامعة القاهرة', 'uploaded/files/cover-modified.pdf ', 'pdf ', 3000, 'no notes ', '2023-04-20 03:07:08', NULL, 'not '),
(22204, 2, 'User ', 'ملف البعثة الثانية عشر عن الاهرامات حول هرم الخوفو بتاريخ 14/4/2002 وهي بعثة جامعة القاهرة', 'uploaded/files/cover-modified.pdf ', 'pdf ', 3000, 'no notes ', '2023-04-20 03:07:08', NULL, 'not '),
(22205, 2, 'User ', 'ملف البعثة الثانية عشر عن الاهرامات حول هرم الخوفو بتاريخ 14/4/2002 وهي بعثة جامعة القاهرة', 'uploaded/files/cover-modified.pdf ', 'pdf ', 3000, 'no notes ', '2023-04-20 03:07:08', NULL, 'not '),
(22206, 2, 'User ', 'ملف البعثة الثانية عشر عن الاهرامات حول هرم الخوفو بتاريخ 14/4/2002 وهي بعثة جامعة القاهرة', 'uploaded/files/cover-modified.pdf ', 'pdf ', 3000, 'no notes ', '2023-04-20 03:07:08', NULL, 'not '),
(22207, 2, 'User ', 'ملف البعثة الثانية عشر عن الاهرامات حول هرم الخوفو بتاريخ 14/4/2002 وهي بعثة جامعة القاهرة', 'uploaded/files/cover-modified.pdf ', 'pdf ', 3000, 'no notes ', '2023-04-20 03:07:08', NULL, 'not '),
(22208, 2, 'User ', 'ملف البعثة الثانية عشر عن الاهرامات حول هرم الخوفو بتاريخ 14/4/2002 وهي بعثة جامعة القاهرة', 'uploaded/files/cover-modified.pdf ', 'pdf ', 3000, 'no notes ', '2023-04-20 03:07:08', NULL, 'not '),
(22209, 2, 'User ', 'ملف البعثة الثانية عشر عن الاهرامات حول هرم الخوفو بتاريخ 14/4/2002 وهي بعثة جامعة القاهرة', 'uploaded/files/cover-modified.pdf ', 'pdf ', 3000, 'no notes ', '2023-04-20 03:07:08', NULL, 'not '),
(22210, 2, 'User ', 'ملف البعثة الثانية عشر عن الاهرامات حول هرم الخوفو بتاريخ 14/4/2002 وهي بعثة جامعة القاهرة', 'uploaded/files/cover-modified.pdf ', 'pdf ', 3000, 'no notes ', '2023-04-20 03:07:08', NULL, 'not '),
(22211, 2, 'User ', 'ملف البعثة الثانية عشر عن الاهرامات حول هرم الخوفو بتاريخ 14/4/2002 وهي بعثة جامعة القاهرة', 'uploaded/files/cover-modified.pdf ', 'pdf ', 3000, 'no notes ', '2023-04-20 03:07:08', NULL, 'not '),
(22212, 2, 'User ', 'ملف البعثة الثانية عشر عن الاهرامات حول هرم الخوفو بتاريخ 14/4/2002 وهي بعثة جامعة القاهرة', 'uploaded/files/cover-modified.pdf ', 'pdf ', 3000, 'no notes ', '2023-04-20 03:07:08', NULL, 'not '),
(22213, 2, 'User ', 'ملف البعثة الثانية عشر عن الاهرامات حول هرم الخوفو بتاريخ 14/4/2002 وهي بعثة جامعة القاهرة', 'uploaded/files/cover-modified.pdf ', 'pdf ', 3000, 'no notes ', '2023-04-20 03:07:08', NULL, 'not '),
(22214, 2, 'User ', 'ملف البعثة الثانية عشر عن الاهرامات حول هرم الخوفو بتاريخ 14/4/2002 وهي بعثة جامعة القاهرة', 'uploaded/files/cover-modified.pdf ', 'pdf ', 3000, 'no notes ', '2023-04-20 03:07:08', NULL, 'not '),
(22215, 2, 'User ', 'ملف البعثة الثانية عشر عن الاهرامات حول هرم الخوفو بتاريخ 14/4/2002 وهي بعثة جامعة القاهرة', 'uploaded/files/cover-modified.pdf ', 'pdf ', 3000, 'no notes ', '2023-04-20 03:07:08', NULL, 'not '),
(22216, 2, 'User ', 'ملف البعثة الثانية عشر عن الاهرامات حول هرم الخوفو بتاريخ 14/4/2002 وهي بعثة جامعة القاهرة', 'uploaded/files/cover-modified.pdf ', 'pdf ', 3000, 'no notes ', '2023-04-20 03:07:08', NULL, 'not '),
(22217, 2, 'User ', 'ملف البعثة الثانية عشر عن الاهرامات حول هرم الخوفو بتاريخ 14/4/2002 وهي بعثة جامعة القاهرة', 'uploaded/files/cover-modified.pdf ', 'pdf ', 3000, 'no notes ', '2023-04-20 03:07:08', NULL, 'not '),
(22218, 2, 'User ', 'ملف البعثة الثانية عشر عن الاهرامات حول هرم الخوفو بتاريخ 14/4/2002 وهي بعثة جامعة القاهرة', 'uploaded/files/cover-modified.pdf ', 'pdf ', 3000, 'no notes ', '2023-04-20 03:07:08', NULL, 'not '),
(22219, 2, 'User ', 'ملف البعثة الثانية عشر عن الاهرامات حول هرم الخوفو بتاريخ 14/4/2002 وهي بعثة جامعة القاهرة', 'uploaded/files/cover-modified.pdf ', 'pdf ', 3000, 'no notes ', '2023-04-20 03:07:08', NULL, 'not '),
(22220, 2, 'User ', 'ملف البعثة الثانية عشر عن الاهرامات حول هرم الخوفو بتاريخ 14/4/2002 وهي بعثة جامعة القاهرة', 'uploaded/files/cover-modified.pdf ', 'pdf ', 3000, 'no notes ', '2023-04-20 03:07:08', NULL, 'not '),
(22221, 2, 'User ', 'ملف البعثة الثانية عشر عن الاهرامات حول هرم الخوفو بتاريخ 14/4/2002 وهي بعثة جامعة القاهرة', 'uploaded/files/cover-modified.pdf ', 'pdf ', 3000, 'no notes ', '2023-04-20 03:07:08', NULL, 'not '),
(22222, 2, 'User ', 'ملف البعثة الثانية عشر عن الاهرامات حول هرم الخوفو بتاريخ 14/4/2002 وهي بعثة جامعة القاهرة', 'uploaded/files/cover-modified.pdf ', 'pdf ', 3000, 'no notes ', '2023-04-20 03:07:08', NULL, 'not '),
(22223, 2, 'User ', 'ملف البعثة الثانية عشر عن الاهرامات حول هرم الخوفو بتاريخ 14/4/2002 وهي بعثة جامعة القاهرة', 'uploaded/files/cover-modified.pdf ', 'pdf ', 3000, 'no notes ', '2023-04-20 03:07:09', NULL, 'not '),
(22224, 2, 'User ', 'ملف البعثة الثانية عشر عن الاهرامات حول هرم الخوفو بتاريخ 14/4/2002 وهي بعثة جامعة القاهرة', 'uploaded/files/cover-modified.pdf ', 'pdf ', 3000, 'no notes ', '2023-04-20 03:07:09', NULL, 'not '),
(22225, 2, 'User ', 'ملف البعثة الثانية عشر عن الاهرامات حول هرم الخوفو بتاريخ 14/4/2002 وهي بعثة جامعة القاهرة', 'uploaded/files/cover-modified.pdf ', 'pdf ', 3000, 'no notes ', '2023-04-20 03:07:09', NULL, 'not '),
(22226, 2, 'User ', 'ملف البعثة الثانية عشر عن الاهرامات حول هرم الخوفو بتاريخ 14/4/2002 وهي بعثة جامعة القاهرة', 'uploaded/files/cover-modified.pdf ', 'pdf ', 3000, 'no notes ', '2023-04-20 03:07:09', NULL, 'not '),
(22227, 2, 'User ', 'ملف البعثة الثانية عشر عن الاهرامات حول هرم الخوفو بتاريخ 14/4/2002 وهي بعثة جامعة القاهرة', 'uploaded/files/cover-modified.pdf ', 'pdf ', 3000, 'no notes ', '2023-04-20 03:07:09', NULL, 'not '),
(22228, 2, 'User ', 'ملف البعثة الثانية عشر عن الاهرامات حول هرم الخوفو بتاريخ 14/4/2002 وهي بعثة جامعة القاهرة', 'uploaded/files/cover-modified.pdf ', 'pdf ', 3000, 'no notes ', '2023-04-20 03:07:09', NULL, 'not '),
(22229, 2, 'User ', 'ملف البعثة الثانية عشر عن الاهرامات حول هرم الخوفو بتاريخ 14/4/2002 وهي بعثة جامعة القاهرة', 'uploaded/files/cover-modified.pdf ', 'pdf ', 3000, 'no notes ', '2023-04-20 03:07:09', NULL, 'not '),
(22230, 2, 'User ', 'ملف البعثة الثانية عشر عن الاهرامات حول هرم الخوفو بتاريخ 14/4/2002 وهي بعثة جامعة القاهرة', 'uploaded/files/cover-modified.pdf ', 'pdf ', 3000, 'no notes ', '2023-04-20 03:07:09', NULL, 'not '),
(22231, 2, 'User ', 'ملف البعثة الثانية عشر عن الاهرامات حول هرم الخوفو بتاريخ 14/4/2002 وهي بعثة جامعة القاهرة', 'uploaded/files/cover-modified.pdf ', 'pdf ', 3000, 'no notes ', '2023-04-20 03:07:09', NULL, 'not '),
(22232, 2, 'User ', 'ملف البعثة الثانية عشر عن الاهرامات حول هرم الخوفو بتاريخ 14/4/2002 وهي بعثة جامعة القاهرة', 'uploaded/files/cover-modified.pdf ', 'pdf ', 3000, 'no notes ', '2023-04-20 03:07:09', NULL, 'not '),
(22233, 2, 'User ', 'ملف البعثة الثانية عشر عن الاهرامات حول هرم الخوفو بتاريخ 14/4/2002 وهي بعثة جامعة القاهرة', 'uploaded/files/cover-modified.pdf ', 'pdf ', 3000, 'no notes ', '2023-04-20 03:07:09', NULL, 'not '),
(22234, 2, 'User ', 'ملف البعثة الثانية عشر عن الاهرامات حول هرم الخوفو بتاريخ 14/4/2002 وهي بعثة جامعة القاهرة', 'uploaded/files/cover-modified.pdf ', 'pdf ', 3000, 'no notes ', '2023-04-20 03:07:09', NULL, 'not '),
(22235, 2, 'User ', 'ملف البعثة الثانية عشر عن الاهرامات حول هرم الخوفو بتاريخ 14/4/2002 وهي بعثة جامعة القاهرة', 'uploaded/files/cover-modified.pdf ', 'pdf ', 3000, 'no notes ', '2023-04-20 03:07:09', NULL, 'not '),
(22236, 2, 'User ', 'ملف البعثة الثانية عشر عن الاهرامات حول هرم الخوفو بتاريخ 14/4/2002 وهي بعثة جامعة القاهرة', 'uploaded/files/cover-modified.pdf ', 'pdf ', 3000, 'no notes ', '2023-04-20 03:07:09', NULL, 'not '),
(22237, 2, 'User ', 'ملف البعثة الثانية عشر عن الاهرامات حول هرم الخوفو بتاريخ 14/4/2002 وهي بعثة جامعة القاهرة', 'uploaded/files/cover-modified.pdf ', 'pdf ', 3000, 'no notes ', '2023-04-20 03:07:09', NULL, 'not '),
(22238, 2, 'User ', 'ملف البعثة الثانية عشر عن الاهرامات حول هرم الخوفو بتاريخ 14/4/2002 وهي بعثة جامعة القاهرة', 'uploaded/files/cover-modified.pdf ', 'pdf ', 3000, 'no notes ', '2023-04-20 03:07:09', NULL, 'not '),
(22239, 2, 'User ', 'ملف البعثة الثانية عشر عن الاهرامات حول هرم الخوفو بتاريخ 14/4/2002 وهي بعثة جامعة القاهرة', 'uploaded/files/cover-modified.pdf ', 'pdf ', 3000, 'no notes ', '2023-04-20 03:07:09', NULL, 'not '),
(22240, 2, 'User ', 'ملف البعثة الثانية عشر عن الاهرامات حول هرم الخوفو بتاريخ 14/4/2002 وهي بعثة جامعة القاهرة', 'uploaded/files/cover-modified.pdf ', 'pdf ', 3000, 'no notes ', '2023-04-20 03:07:09', NULL, 'not '),
(22241, 2, 'User ', 'ملف البعثة الثانية عشر عن الاهرامات حول هرم الخوفو بتاريخ 14/4/2002 وهي بعثة جامعة القاهرة', 'uploaded/files/cover-modified.pdf ', 'pdf ', 3000, 'no notes ', '2023-04-20 03:07:09', NULL, 'not '),
(22242, 2, 'User ', 'ملف البعثة الثانية عشر عن الاهرامات حول هرم الخوفو بتاريخ 14/4/2002 وهي بعثة جامعة القاهرة', 'uploaded/files/cover-modified.pdf ', 'pdf ', 3000, 'no notes ', '2023-04-20 03:07:09', NULL, 'not '),
(22243, 2, 'User ', 'ملف البعثة الثانية عشر عن الاهرامات حول هرم الخوفو بتاريخ 14/4/2002 وهي بعثة جامعة القاهرة', 'uploaded/files/cover-modified.pdf ', 'pdf ', 3000, 'no notes ', '2023-04-20 03:07:09', NULL, 'not '),
(22244, 2, 'User ', 'ملف البعثة الثانية عشر عن الاهرامات حول هرم الخوفو بتاريخ 14/4/2002 وهي بعثة جامعة القاهرة', 'uploaded/files/cover-modified.pdf ', 'pdf ', 3000, 'no notes ', '2023-04-20 03:07:09', NULL, 'not '),
(22245, 2, 'User ', 'ملف البعثة الثانية عشر عن الاهرامات حول هرم الخوفو بتاريخ 14/4/2002 وهي بعثة جامعة القاهرة', 'uploaded/files/cover-modified.pdf ', 'pdf ', 3000, 'no notes ', '2023-04-20 03:07:09', NULL, 'not '),
(22246, 2, 'User ', 'ملف البعثة الثانية عشر عن الاهرامات حول هرم الخوفو بتاريخ 14/4/2002 وهي بعثة جامعة القاهرة', 'uploaded/files/cover-modified.pdf ', 'pdf ', 3000, 'no notes ', '2023-04-20 03:07:09', NULL, 'not '),
(22247, 2, 'User ', 'ملف البعثة الثانية عشر عن الاهرامات حول هرم الخوفو بتاريخ 14/4/2002 وهي بعثة جامعة القاهرة', 'uploaded/files/cover-modified.pdf ', 'pdf ', 3000, 'no notes ', '2023-04-20 03:07:09', NULL, 'not '),
(22248, 2, 'User ', 'ملف البعثة الثانية عشر عن الاهرامات حول هرم الخوفو بتاريخ 14/4/2002 وهي بعثة جامعة القاهرة', 'uploaded/files/cover-modified.pdf ', 'pdf ', 3000, 'no notes ', '2023-04-20 03:07:09', NULL, 'not '),
(22249, 2, 'User ', 'ملف البعثة الثانية عشر عن الاهرامات حول هرم الخوفو بتاريخ 14/4/2002 وهي بعثة جامعة القاهرة', 'uploaded/files/cover-modified.pdf ', 'pdf ', 3000, 'no notes ', '2023-04-20 03:07:09', NULL, 'not '),
(22250, 2, 'User ', 'ملف البعثة الثانية عشر عن الاهرامات حول هرم الخوفو بتاريخ 14/4/2002 وهي بعثة جامعة القاهرة', 'uploaded/files/cover-modified.pdf ', 'pdf ', 3000, 'no notes ', '2023-04-20 03:07:09', NULL, 'not '),
(22251, 2, 'User ', 'ملف البعثة الثانية عشر عن الاهرامات حول هرم الخوفو بتاريخ 14/4/2002 وهي بعثة جامعة القاهرة', 'uploaded/files/cover-modified.pdf ', 'pdf ', 3000, 'no notes ', '2023-04-20 03:07:09', NULL, 'not '),
(22252, 2, 'User ', 'ملف البعثة الثانية عشر عن الاهرامات حول هرم الخوفو بتاريخ 14/4/2002 وهي بعثة جامعة القاهرة', 'uploaded/files/cover-modified.pdf ', 'pdf ', 3000, 'no notes ', '2023-04-20 03:07:09', NULL, 'not '),
(22253, 2, 'User ', 'ملف البعثة الثانية عشر عن الاهرامات حول هرم الخوفو بتاريخ 14/4/2002 وهي بعثة جامعة القاهرة', 'uploaded/files/cover-modified.pdf ', 'pdf ', 3000, 'no notes ', '2023-04-20 03:07:09', NULL, 'not '),
(22254, 2, 'User ', 'ملف البعثة الثانية عشر عن الاهرامات حول هرم الخوفو بتاريخ 14/4/2002 وهي بعثة جامعة القاهرة', 'uploaded/files/cover-modified.pdf ', 'pdf ', 3000, 'no notes ', '2023-04-20 03:07:09', NULL, 'not '),
(22255, 2, 'User ', 'ملف البعثة الثانية عشر عن الاهرامات حول هرم الخوفو بتاريخ 14/4/2002 وهي بعثة جامعة القاهرة', 'uploaded/files/cover-modified.pdf ', 'pdf ', 3000, 'no notes ', '2023-04-20 03:07:10', NULL, 'not '),
(22256, 2, 'User ', 'ملف البعثة الثانية عشر عن الاهرامات حول هرم الخوفو بتاريخ 14/4/2002 وهي بعثة جامعة القاهرة', 'uploaded/files/cover-modified.pdf ', 'pdf ', 3000, 'no notes ', '2023-04-20 03:07:10', NULL, 'not '),
(22257, 2, 'User ', 'ملف البعثة الثانية عشر عن الاهرامات حول هرم الخوفو بتاريخ 14/4/2002 وهي بعثة جامعة القاهرة', 'uploaded/files/cover-modified.pdf ', 'pdf ', 3000, 'no notes ', '2023-04-20 03:07:10', NULL, 'not '),
(22258, 2, 'User ', 'ملف البعثة الثانية عشر عن الاهرامات حول هرم الخوفو بتاريخ 14/4/2002 وهي بعثة جامعة القاهرة', 'uploaded/files/cover-modified.pdf ', 'pdf ', 3000, 'no notes ', '2023-04-20 03:07:10', NULL, 'not '),
(22259, 2, 'User ', 'ملف البعثة الثانية عشر عن الاهرامات حول هرم الخوفو بتاريخ 14/4/2002 وهي بعثة جامعة القاهرة', 'uploaded/files/cover-modified.pdf ', 'pdf ', 3000, 'no notes ', '2023-04-20 03:07:10', NULL, 'not '),
(22260, 2, 'User ', 'ملف البعثة الثانية عشر عن الاهرامات حول هرم الخوفو بتاريخ 14/4/2002 وهي بعثة جامعة القاهرة', 'uploaded/files/cover-modified.pdf ', 'pdf ', 3000, 'no notes ', '2023-04-20 03:07:10', NULL, 'not '),
(22261, 2, 'User ', 'ملف البعثة الثانية عشر عن الاهرامات حول هرم الخوفو بتاريخ 14/4/2002 وهي بعثة جامعة القاهرة', 'uploaded/files/cover-modified.pdf ', 'pdf ', 3000, 'no notes ', '2023-04-20 03:07:10', NULL, 'not '),
(22262, 2, 'User ', 'ملف البعثة الثانية عشر عن الاهرامات حول هرم الخوفو بتاريخ 14/4/2002 وهي بعثة جامعة القاهرة', 'uploaded/files/cover-modified.pdf ', 'pdf ', 3000, 'no notes ', '2023-04-20 03:07:10', NULL, 'not '),
(22263, 2, 'User ', 'ملف البعثة الثانية عشر عن الاهرامات حول هرم الخوفو بتاريخ 14/4/2002 وهي بعثة جامعة القاهرة', 'uploaded/files/cover-modified.pdf ', 'pdf ', 3000, 'no notes ', '2023-04-20 03:07:10', NULL, 'not '),
(22264, 2, 'User ', 'ملف البعثة الثانية عشر عن الاهرامات حول هرم الخوفو بتاريخ 14/4/2002 وهي بعثة جامعة القاهرة', 'uploaded/files/cover-modified.pdf ', 'pdf ', 3000, 'no notes ', '2023-04-20 03:07:10', NULL, 'not '),
(22265, 2, 'User ', 'ملف البعثة الثانية عشر عن الاهرامات حول هرم الخوفو بتاريخ 14/4/2002 وهي بعثة جامعة القاهرة', 'uploaded/files/cover-modified.pdf ', 'pdf ', 3000, 'no notes ', '2023-04-20 03:07:10', NULL, 'not '),
(22266, 2, 'User ', 'ملف البعثة الثانية عشر عن الاهرامات حول هرم الخوفو بتاريخ 14/4/2002 وهي بعثة جامعة القاهرة', 'uploaded/files/cover-modified.pdf ', 'pdf ', 3000, 'no notes ', '2023-04-20 03:07:10', NULL, 'not '),
(22267, 2, 'User ', 'ملف البعثة الثانية عشر عن الاهرامات حول هرم الخوفو بتاريخ 14/4/2002 وهي بعثة جامعة القاهرة', 'uploaded/files/cover-modified.pdf ', 'pdf ', 3000, 'no notes ', '2023-04-20 03:07:10', NULL, 'not '),
(22268, 2, 'User ', 'ملف البعثة الثانية عشر عن الاهرامات حول هرم الخوفو بتاريخ 14/4/2002 وهي بعثة جامعة القاهرة', 'uploaded/files/cover-modified.pdf ', 'pdf ', 3000, 'no notes ', '2023-04-20 03:07:10', NULL, 'not '),
(22269, 2, 'User ', 'ملف البعثة الثانية عشر عن الاهرامات حول هرم الخوفو بتاريخ 14/4/2002 وهي بعثة جامعة القاهرة', 'uploaded/files/cover-modified.pdf ', 'pdf ', 3000, 'no notes ', '2023-04-20 03:07:10', NULL, 'not '),
(22270, 2, 'User ', 'ملف البعثة الثانية عشر عن الاهرامات حول هرم الخوفو بتاريخ 14/4/2002 وهي بعثة جامعة القاهرة', 'uploaded/files/cover-modified.pdf ', 'pdf ', 3000, 'no notes ', '2023-04-20 03:07:10', NULL, 'not '),
(22271, 2, 'User ', 'ملف البعثة الثانية عشر عن الاهرامات حول هرم الخوفو بتاريخ 14/4/2002 وهي بعثة جامعة القاهرة', 'uploaded/files/cover-modified.pdf ', 'pdf ', 3000, 'no notes ', '2023-04-20 03:07:10', NULL, 'not '),
(22272, 2, 'User ', 'ملف البعثة الثانية عشر عن الاهرامات حول هرم الخوفو بتاريخ 14/4/2002 وهي بعثة جامعة القاهرة', 'uploaded/files/cover-modified.pdf ', 'pdf ', 3000, 'no notes ', '2023-04-20 03:07:10', NULL, 'not '),
(22273, 2, 'User ', 'ملف البعثة الثانية عشر عن الاهرامات حول هرم الخوفو بتاريخ 14/4/2002 وهي بعثة جامعة القاهرة', 'uploaded/files/cover-modified.pdf ', 'pdf ', 3000, 'no notes ', '2023-04-20 03:07:10', NULL, 'not '),
(22274, 2, 'User ', 'ملف البعثة الثانية عشر عن الاهرامات حول هرم الخوفو بتاريخ 14/4/2002 وهي بعثة جامعة القاهرة', 'uploaded/files/cover-modified.pdf ', 'pdf ', 3000, 'no notes ', '2023-04-20 03:07:10', NULL, 'not '),
(22275, 2, 'User ', 'ملف البعثة الثانية عشر عن الاهرامات حول هرم الخوفو بتاريخ 14/4/2002 وهي بعثة جامعة القاهرة', 'uploaded/files/cover-modified.pdf ', 'pdf ', 3000, 'no notes ', '2023-04-20 03:07:10', NULL, 'not '),
(22276, 2, 'User ', 'ملف البعثة الثانية عشر عن الاهرامات حول هرم الخوفو بتاريخ 14/4/2002 وهي بعثة جامعة القاهرة', 'uploaded/files/cover-modified.pdf ', 'pdf ', 3000, 'no notes ', '2023-04-20 03:07:10', NULL, 'not '),
(22277, 2, 'User ', 'ملف البعثة الثانية عشر عن الاهرامات حول هرم الخوفو بتاريخ 14/4/2002 وهي بعثة جامعة القاهرة', 'uploaded/files/cover-modified.pdf ', 'pdf ', 3000, 'no notes ', '2023-04-20 03:07:10', NULL, 'not '),
(22278, 2, 'User ', 'ملف البعثة الثانية عشر عن الاهرامات حول هرم الخوفو بتاريخ 14/4/2002 وهي بعثة جامعة القاهرة', 'uploaded/files/cover-modified.pdf ', 'pdf ', 3000, 'no notes ', '2023-04-20 03:07:10', NULL, 'not '),
(22279, 2, 'User ', 'ملف البعثة الثانية عشر عن الاهرامات حول هرم الخوفو بتاريخ 14/4/2002 وهي بعثة جامعة القاهرة', 'uploaded/files/cover-modified.pdf ', 'pdf ', 3000, 'no notes ', '2023-04-20 03:07:10', NULL, 'not '),
(22280, 2, 'User ', 'ملف البعثة الثانية عشر عن الاهرامات حول هرم الخوفو بتاريخ 14/4/2002 وهي بعثة جامعة القاهرة', 'uploaded/files/cover-modified.pdf ', 'pdf ', 3000, 'no notes ', '2023-04-20 03:07:11', NULL, 'not '),
(22281, 2, 'User ', 'ملف البعثة الثانية عشر عن الاهرامات حول هرم الخوفو بتاريخ 14/4/2002 وهي بعثة جامعة القاهرة', 'uploaded/files/cover-modified.pdf ', 'pdf ', 3000, 'no notes ', '2023-04-20 03:07:11', NULL, 'not '),
(22282, 2, 'User ', 'ملف البعثة الثانية عشر عن الاهرامات حول هرم الخوفو بتاريخ 14/4/2002 وهي بعثة جامعة القاهرة', 'uploaded/files/cover-modified.pdf ', 'pdf ', 3000, 'no notes ', '2023-04-20 03:07:11', NULL, 'not '),
(22283, 2, 'User ', 'ملف البعثة الثانية عشر عن الاهرامات حول هرم الخوفو بتاريخ 14/4/2002 وهي بعثة جامعة القاهرة', 'uploaded/files/cover-modified.pdf ', 'pdf ', 3000, 'no notes ', '2023-04-20 03:07:11', NULL, 'not '),
(22284, 2, 'User ', 'ملف البعثة الثانية عشر عن الاهرامات حول هرم الخوفو بتاريخ 14/4/2002 وهي بعثة جامعة القاهرة', 'uploaded/files/cover-modified.pdf ', 'pdf ', 3000, 'no notes ', '2023-04-20 03:07:11', NULL, 'not '),
(22285, 2, 'User ', 'ملف البعثة الثانية عشر عن الاهرامات حول هرم الخوفو بتاريخ 14/4/2002 وهي بعثة جامعة القاهرة', 'uploaded/files/cover-modified.pdf ', 'pdf ', 3000, 'no notes ', '2023-04-20 03:07:11', NULL, 'not '),
(22286, 2, 'User ', 'ملف البعثة الثانية عشر عن الاهرامات حول هرم الخوفو بتاريخ 14/4/2002 وهي بعثة جامعة القاهرة', 'uploaded/files/cover-modified.pdf ', 'pdf ', 3000, 'no notes ', '2023-04-20 03:07:11', NULL, 'not '),
(22287, 2, 'User ', 'ملف البعثة الثانية عشر عن الاهرامات حول هرم الخوفو بتاريخ 14/4/2002 وهي بعثة جامعة القاهرة', 'uploaded/files/cover-modified.pdf ', 'pdf ', 3000, 'no notes ', '2023-04-20 03:07:11', NULL, 'not '),
(22288, 2, 'User ', 'ملف البعثة الثانية عشر عن الاهرامات حول هرم الخوفو بتاريخ 14/4/2002 وهي بعثة جامعة القاهرة', 'uploaded/files/cover-modified.pdf ', 'pdf ', 3000, 'no notes ', '2023-04-20 03:07:11', NULL, 'not '),
(22289, 2, 'User ', 'ملف البعثة الثانية عشر عن الاهرامات حول هرم الخوفو بتاريخ 14/4/2002 وهي بعثة جامعة القاهرة', 'uploaded/files/cover-modified.pdf ', 'pdf ', 3000, 'no notes ', '2023-04-20 03:07:11', NULL, 'not '),
(22290, 2, 'User ', 'ملف البعثة الثانية عشر عن الاهرامات حول هرم الخوفو بتاريخ 14/4/2002 وهي بعثة جامعة القاهرة', 'uploaded/files/cover-modified.pdf ', 'pdf ', 3000, 'no notes ', '2023-04-20 03:07:11', NULL, 'not '),
(22291, 2, 'User ', 'ملف البعثة الثانية عشر عن الاهرامات حول هرم الخوفو بتاريخ 14/4/2002 وهي بعثة جامعة القاهرة', 'uploaded/files/cover-modified.pdf ', 'pdf ', 3000, 'no notes ', '2023-04-20 03:07:11', NULL, 'not '),
(22292, 2, 'User ', 'ملف البعثة الثانية عشر عن الاهرامات حول هرم الخوفو بتاريخ 14/4/2002 وهي بعثة جامعة القاهرة', 'uploaded/files/cover-modified.pdf ', 'pdf ', 3000, 'no notes ', '2023-04-20 03:07:11', NULL, 'not '),
(22293, 2, 'User ', 'ملف البعثة الثانية عشر عن الاهرامات حول هرم الخوفو بتاريخ 14/4/2002 وهي بعثة جامعة القاهرة', 'uploaded/files/cover-modified.pdf ', 'pdf ', 3000, 'no notes ', '2023-04-20 03:07:11', NULL, 'not '),
(22294, 2, 'User ', 'ملف البعثة الثانية عشر عن الاهرامات حول هرم الخوفو بتاريخ 14/4/2002 وهي بعثة جامعة القاهرة', 'uploaded/files/cover-modified.pdf ', 'pdf ', 3000, 'no notes ', '2023-04-20 03:07:11', NULL, 'not '),
(22295, 2, 'User ', 'ملف البعثة الثانية عشر عن الاهرامات حول هرم الخوفو بتاريخ 14/4/2002 وهي بعثة جامعة القاهرة', 'uploaded/files/cover-modified.pdf ', 'pdf ', 3000, 'no notes ', '2023-04-20 03:07:11', NULL, 'not '),
(22296, 2, 'User ', 'ملف البعثة الثانية عشر عن الاهرامات حول هرم الخوفو بتاريخ 14/4/2002 وهي بعثة جامعة القاهرة', 'uploaded/files/cover-modified.pdf ', 'pdf ', 3000, 'no notes ', '2023-04-20 03:07:11', NULL, 'not '),
(22297, 2, 'User ', 'ملف البعثة الثانية عشر عن الاهرامات حول هرم الخوفو بتاريخ 14/4/2002 وهي بعثة جامعة القاهرة', 'uploaded/files/cover-modified.pdf ', 'pdf ', 3000, 'no notes ', '2023-04-20 03:07:11', NULL, 'not '),
(22298, 2, 'User ', 'ملف البعثة الثانية عشر عن الاهرامات حول هرم الخوفو بتاريخ 14/4/2002 وهي بعثة جامعة القاهرة', 'uploaded/files/cover-modified.pdf ', 'pdf ', 3000, 'no notes ', '2023-04-20 03:07:11', NULL, 'not '),
(22299, 2, 'User ', 'ملف البعثة الثانية عشر عن الاهرامات حول هرم الخوفو بتاريخ 14/4/2002 وهي بعثة جامعة القاهرة', 'uploaded/files/cover-modified.pdf ', 'pdf ', 3000, 'no notes ', '2023-04-20 03:07:11', NULL, 'not '),
(22300, 2, 'User ', 'ملف البعثة الثانية عشر عن الاهرامات حول هرم الخوفو بتاريخ 14/4/2002 وهي بعثة جامعة القاهرة', 'uploaded/files/cover-modified.pdf ', 'pdf ', 3000, 'no notes ', '2023-04-20 03:07:11', NULL, 'not '),
(22301, 2, 'User ', 'ملف البعثة الثانية عشر عن الاهرامات حول هرم الخوفو بتاريخ 14/4/2002 وهي بعثة جامعة القاهرة', 'uploaded/files/cover-modified.pdf ', 'pdf ', 3000, 'no notes ', '2023-04-20 03:07:11', NULL, 'not '),
(22302, 2, 'User ', 'ملف البعثة الثانية عشر عن الاهرامات حول هرم الخوفو بتاريخ 14/4/2002 وهي بعثة جامعة القاهرة', 'uploaded/files/cover-modified.pdf ', 'pdf ', 3000, 'no notes ', '2023-04-20 03:07:11', NULL, 'not '),
(22303, 2, 'User ', 'ملف البعثة الثانية عشر عن الاهرامات حول هرم الخوفو بتاريخ 14/4/2002 وهي بعثة جامعة القاهرة', 'uploaded/files/cover-modified.pdf ', 'pdf ', 3000, 'no notes ', '2023-04-20 03:07:11', NULL, 'not '),
(22304, 2, 'User ', 'ملف البعثة الثانية عشر عن الاهرامات حول هرم الخوفو بتاريخ 14/4/2002 وهي بعثة جامعة القاهرة', 'uploaded/files/cover-modified.pdf ', 'pdf ', 3000, 'no notes ', '2023-04-20 03:07:11', NULL, 'not '),
(22305, 2, 'User ', 'ملف البعثة الثانية عشر عن الاهرامات حول هرم الخوفو بتاريخ 14/4/2002 وهي بعثة جامعة القاهرة', 'uploaded/files/cover-modified.pdf ', 'pdf ', 3000, 'no notes ', '2023-04-20 03:07:11', NULL, 'not '),
(22306, 2, 'User ', 'ملف البعثة الثانية عشر عن الاهرامات حول هرم الخوفو بتاريخ 14/4/2002 وهي بعثة جامعة القاهرة', 'uploaded/files/cover-modified.pdf ', 'pdf ', 3000, 'no notes ', '2023-04-20 03:07:11', NULL, 'not '),
(22307, 2, 'User ', 'ملف البعثة الثانية عشر عن الاهرامات حول هرم الخوفو بتاريخ 14/4/2002 وهي بعثة جامعة القاهرة', 'uploaded/files/cover-modified.pdf ', 'pdf ', 3000, 'no notes ', '2023-04-20 03:07:11', NULL, 'not '),
(22308, 2, 'User ', 'ملف البعثة الثانية عشر عن الاهرامات حول هرم الخوفو بتاريخ 14/4/2002 وهي بعثة جامعة القاهرة', 'uploaded/files/cover-modified.pdf ', 'pdf ', 3000, 'no notes ', '2023-04-20 03:07:12', NULL, 'not '),
(22309, 2, 'User ', 'ملف البعثة الثانية عشر عن الاهرامات حول هرم الخوفو بتاريخ 14/4/2002 وهي بعثة جامعة القاهرة', 'uploaded/files/cover-modified.pdf ', 'pdf ', 3000, 'no notes ', '2023-04-20 03:07:12', NULL, 'not '),
(22310, 2, 'User ', 'ملف البعثة الثانية عشر عن الاهرامات حول هرم الخوفو بتاريخ 14/4/2002 وهي بعثة جامعة القاهرة', 'uploaded/files/cover-modified.pdf ', 'pdf ', 3000, 'no notes ', '2023-04-20 03:07:12', NULL, 'not '),
(22311, 2, 'User ', 'ملف البعثة الثانية عشر عن الاهرامات حول هرم الخوفو بتاريخ 14/4/2002 وهي بعثة جامعة القاهرة', 'uploaded/files/cover-modified.pdf ', 'pdf ', 3000, 'no notes ', '2023-04-20 03:07:12', NULL, 'not '),
(22312, 2, 'User ', 'ملف البعثة الثانية عشر عن الاهرامات حول هرم الخوفو بتاريخ 14/4/2002 وهي بعثة جامعة القاهرة', 'uploaded/files/cover-modified.pdf ', 'pdf ', 3000, 'no notes ', '2023-04-20 03:07:12', NULL, 'not '),
(22313, 2, 'User ', 'ملف البعثة الثانية عشر عن الاهرامات حول هرم الخوفو بتاريخ 14/4/2002 وهي بعثة جامعة القاهرة', 'uploaded/files/cover-modified.pdf ', 'pdf ', 3000, 'no notes ', '2023-04-20 03:07:12', NULL, 'not '),
(22314, 2, 'User ', 'ملف البعثة الثانية عشر عن الاهرامات حول هرم الخوفو بتاريخ 14/4/2002 وهي بعثة جامعة القاهرة', 'uploaded/files/cover-modified.pdf ', 'pdf ', 3000, 'no notes ', '2023-04-20 03:07:12', NULL, 'not '),
(22315, 2, 'User ', 'ملف البعثة الثانية عشر عن الاهرامات حول هرم الخوفو بتاريخ 14/4/2002 وهي بعثة جامعة القاهرة', 'uploaded/files/cover-modified.pdf ', 'pdf ', 3000, 'no notes ', '2023-04-20 03:07:12', NULL, 'not '),
(22316, 2, 'User ', 'ملف البعثة الثانية عشر عن الاهرامات حول هرم الخوفو بتاريخ 14/4/2002 وهي بعثة جامعة القاهرة', 'uploaded/files/cover-modified.pdf ', 'pdf ', 3000, 'no notes ', '2023-04-20 03:07:12', NULL, 'not '),
(22317, 2, 'User ', 'ملف البعثة الثانية عشر عن الاهرامات حول هرم الخوفو بتاريخ 14/4/2002 وهي بعثة جامعة القاهرة', 'uploaded/files/cover-modified.pdf ', 'pdf ', 3000, 'no notes ', '2023-04-20 03:07:12', NULL, 'not '),
(22318, 2, 'User ', 'ملف البعثة الثانية عشر عن الاهرامات حول هرم الخوفو بتاريخ 14/4/2002 وهي بعثة جامعة القاهرة', 'uploaded/files/cover-modified.pdf ', 'pdf ', 3000, 'no notes ', '2023-04-20 03:07:12', NULL, 'not '),
(22319, 2, 'User ', 'ملف البعثة الثانية عشر عن الاهرامات حول هرم الخوفو بتاريخ 14/4/2002 وهي بعثة جامعة القاهرة', 'uploaded/files/cover-modified.pdf ', 'pdf ', 3000, 'no notes ', '2023-04-20 03:07:12', NULL, 'not '),
(22320, 2, 'User ', 'ملف البعثة الثانية عشر عن الاهرامات حول هرم الخوفو بتاريخ 14/4/2002 وهي بعثة جامعة القاهرة', 'uploaded/files/cover-modified.pdf ', 'pdf ', 3000, 'no notes ', '2023-04-20 03:07:12', NULL, 'not '),
(22321, 2, 'User ', 'ملف البعثة الثانية عشر عن الاهرامات حول هرم الخوفو بتاريخ 14/4/2002 وهي بعثة جامعة القاهرة', 'uploaded/files/cover-modified.pdf ', 'pdf ', 3000, 'no notes ', '2023-04-20 03:07:12', NULL, 'not '),
(22322, 2, 'User ', 'ملف البعثة الثانية عشر عن الاهرامات حول هرم الخوفو بتاريخ 14/4/2002 وهي بعثة جامعة القاهرة', 'uploaded/files/cover-modified.pdf ', 'pdf ', 3000, 'no notes ', '2023-04-20 03:07:12', NULL, 'not '),
(22323, 2, 'User ', 'ملف البعثة الثانية عشر عن الاهرامات حول هرم الخوفو بتاريخ 14/4/2002 وهي بعثة جامعة القاهرة', 'uploaded/files/cover-modified.pdf ', 'pdf ', 3000, 'no notes ', '2023-04-20 03:07:12', NULL, 'not '),
(22324, 2, 'User ', 'ملف البعثة الثانية عشر عن الاهرامات حول هرم الخوفو بتاريخ 14/4/2002 وهي بعثة جامعة القاهرة', 'uploaded/files/cover-modified.pdf ', 'pdf ', 3000, 'no notes ', '2023-04-20 03:07:12', NULL, 'not '),
(22325, 2, 'User ', 'ملف البعثة الثانية عشر عن الاهرامات حول هرم الخوفو بتاريخ 14/4/2002 وهي بعثة جامعة القاهرة', 'uploaded/files/cover-modified.pdf ', 'pdf ', 3000, 'no notes ', '2023-04-20 03:07:12', NULL, 'not '),
(22326, 2, 'User ', 'ملف البعثة الثانية عشر عن الاهرامات حول هرم الخوفو بتاريخ 14/4/2002 وهي بعثة جامعة القاهرة', 'uploaded/files/cover-modified.pdf ', 'pdf ', 3000, 'no notes ', '2023-04-20 03:07:12', NULL, 'not '),
(22327, 2, 'User ', 'ملف البعثة الثانية عشر عن الاهرامات حول هرم الخوفو بتاريخ 14/4/2002 وهي بعثة جامعة القاهرة', 'uploaded/files/cover-modified.pdf ', 'pdf ', 3000, 'no notes ', '2023-04-20 03:07:12', NULL, 'not '),
(22328, 2, 'User ', 'ملف البعثة الثانية عشر عن الاهرامات حول هرم الخوفو بتاريخ 14/4/2002 وهي بعثة جامعة القاهرة', 'uploaded/files/cover-modified.pdf ', 'pdf ', 3000, 'no notes ', '2023-04-20 03:07:12', NULL, 'not '),
(22329, 2, 'User ', 'ملف البعثة الثانية عشر عن الاهرامات حول هرم الخوفو بتاريخ 14/4/2002 وهي بعثة جامعة القاهرة', 'uploaded/files/cover-modified.pdf ', 'pdf ', 3000, 'no notes ', '2023-04-20 03:07:12', NULL, 'not '),
(22330, 2, 'User ', 'ملف البعثة الثانية عشر عن الاهرامات حول هرم الخوفو بتاريخ 14/4/2002 وهي بعثة جامعة القاهرة', 'uploaded/files/cover-modified.pdf ', 'pdf ', 3000, 'no notes ', '2023-04-20 03:07:12', NULL, 'not '),
(22331, 2, 'User ', 'ملف البعثة الثانية عشر عن الاهرامات حول هرم الخوفو بتاريخ 14/4/2002 وهي بعثة جامعة القاهرة', 'uploaded/files/cover-modified.pdf ', 'pdf ', 3000, 'no notes ', '2023-04-20 03:07:12', NULL, 'not '),
(22332, 2, 'User ', 'ملف البعثة الثانية عشر عن الاهرامات حول هرم الخوفو بتاريخ 14/4/2002 وهي بعثة جامعة القاهرة', 'uploaded/files/cover-modified.pdf ', 'pdf ', 3000, 'no notes ', '2023-04-20 03:07:12', NULL, 'not '),
(22333, 2, 'User ', 'ملف البعثة الثانية عشر عن الاهرامات حول هرم الخوفو بتاريخ 14/4/2002 وهي بعثة جامعة القاهرة', 'uploaded/files/cover-modified.pdf ', 'pdf ', 3000, 'no notes ', '2023-04-20 03:07:12', NULL, 'not '),
(22334, 2, 'User ', 'ملف البعثة الثانية عشر عن الاهرامات حول هرم الخوفو بتاريخ 14/4/2002 وهي بعثة جامعة القاهرة', 'uploaded/files/cover-modified.pdf ', 'pdf ', 3000, 'no notes ', '2023-04-20 03:07:12', NULL, 'not '),
(22335, 2, 'User ', 'ملف البعثة الثانية عشر عن الاهرامات حول هرم الخوفو بتاريخ 14/4/2002 وهي بعثة جامعة القاهرة', 'uploaded/files/cover-modified.pdf ', 'pdf ', 3000, 'no notes ', '2023-04-20 03:07:12', NULL, 'not '),
(22336, 2, 'User ', 'ملف البعثة الثانية عشر عن الاهرامات حول هرم الخوفو بتاريخ 14/4/2002 وهي بعثة جامعة القاهرة', 'uploaded/files/cover-modified.pdf ', 'pdf ', 3000, 'no notes ', '2023-04-20 03:07:12', NULL, 'not '),
(22337, 2, 'User ', 'ملف البعثة الثانية عشر عن الاهرامات حول هرم الخوفو بتاريخ 14/4/2002 وهي بعثة جامعة القاهرة', 'uploaded/files/cover-modified.pdf ', 'pdf ', 3000, 'no notes ', '2023-04-20 03:07:12', NULL, 'not '),
(22338, 2, 'User ', 'ملف البعثة الثانية عشر عن الاهرامات حول هرم الخوفو بتاريخ 14/4/2002 وهي بعثة جامعة القاهرة', 'uploaded/files/cover-modified.pdf ', 'pdf ', 3000, 'no notes ', '2023-04-20 03:07:13', NULL, 'not '),
(22339, 2, 'User ', 'ملف البعثة الثانية عشر عن الاهرامات حول هرم الخوفو بتاريخ 14/4/2002 وهي بعثة جامعة القاهرة', 'uploaded/files/cover-modified.pdf ', 'pdf ', 3000, 'no notes ', '2023-04-20 03:07:13', NULL, 'not '),
(22340, 2, 'User ', 'ملف البعثة الثانية عشر عن الاهرامات حول هرم الخوفو بتاريخ 14/4/2002 وهي بعثة جامعة القاهرة', 'uploaded/files/cover-modified.pdf ', 'pdf ', 3000, 'no notes ', '2023-04-20 03:07:13', NULL, 'not '),
(22341, 2, 'User ', 'ملف البعثة الثانية عشر عن الاهرامات حول هرم الخوفو بتاريخ 14/4/2002 وهي بعثة جامعة القاهرة', 'uploaded/files/cover-modified.pdf ', 'pdf ', 3000, 'no notes ', '2023-04-20 03:07:13', NULL, 'not '),
(22342, 2, 'User ', 'ملف البعثة الثانية عشر عن الاهرامات حول هرم الخوفو بتاريخ 14/4/2002 وهي بعثة جامعة القاهرة', 'uploaded/files/cover-modified.pdf ', 'pdf ', 3000, 'no notes ', '2023-04-20 03:07:13', NULL, 'not '),
(22343, 2, 'User ', 'ملف البعثة الثانية عشر عن الاهرامات حول هرم الخوفو بتاريخ 14/4/2002 وهي بعثة جامعة القاهرة', 'uploaded/files/cover-modified.pdf ', 'pdf ', 3000, 'no notes ', '2023-04-20 03:07:13', NULL, 'not '),
(22344, 2, 'User ', 'ملف البعثة الثانية عشر عن الاهرامات حول هرم الخوفو بتاريخ 14/4/2002 وهي بعثة جامعة القاهرة', 'uploaded/files/cover-modified.pdf ', 'pdf ', 3000, 'no notes ', '2023-04-20 03:07:13', NULL, 'not '),
(22345, 2, 'User ', 'ملف البعثة الثانية عشر عن الاهرامات حول هرم الخوفو بتاريخ 14/4/2002 وهي بعثة جامعة القاهرة', 'uploaded/files/cover-modified.pdf ', 'pdf ', 3000, 'no notes ', '2023-04-20 03:07:13', NULL, 'not '),
(22346, 2, 'User ', 'ملف البعثة الثانية عشر عن الاهرامات حول هرم الخوفو بتاريخ 14/4/2002 وهي بعثة جامعة القاهرة', 'uploaded/files/cover-modified.pdf ', 'pdf ', 3000, 'no notes ', '2023-04-20 03:07:13', NULL, 'not '),
(22347, 2, 'User ', 'ملف البعثة الثانية عشر عن الاهرامات حول هرم الخوفو بتاريخ 14/4/2002 وهي بعثة جامعة القاهرة', 'uploaded/files/cover-modified.pdf ', 'pdf ', 3000, 'no notes ', '2023-04-20 03:07:13', NULL, 'not '),
(22348, 2, 'User ', 'ملف البعثة الثانية عشر عن الاهرامات حول هرم الخوفو بتاريخ 14/4/2002 وهي بعثة جامعة القاهرة', 'uploaded/files/cover-modified.pdf ', 'pdf ', 3000, 'no notes ', '2023-04-20 03:07:13', NULL, 'not '),
(22349, 2, 'User ', 'ملف البعثة الثانية عشر عن الاهرامات حول هرم الخوفو بتاريخ 14/4/2002 وهي بعثة جامعة القاهرة', 'uploaded/files/cover-modified.pdf ', 'pdf ', 3000, 'no notes ', '2023-04-20 03:07:13', NULL, 'not '),
(22350, 2, 'User ', 'ملف البعثة الثانية عشر عن الاهرامات حول هرم الخوفو بتاريخ 14/4/2002 وهي بعثة جامعة القاهرة', 'uploaded/files/cover-modified.pdf ', 'pdf ', 3000, 'no notes ', '2023-04-20 03:07:13', NULL, 'not '),
(22351, 2, 'User ', 'ملف البعثة الثانية عشر عن الاهرامات حول هرم الخوفو بتاريخ 14/4/2002 وهي بعثة جامعة القاهرة', 'uploaded/files/cover-modified.pdf ', 'pdf ', 3000, 'no notes ', '2023-04-20 03:07:13', NULL, 'not '),
(22352, 2, 'User ', 'ملف البعثة الثانية عشر عن الاهرامات حول هرم الخوفو بتاريخ 14/4/2002 وهي بعثة جامعة القاهرة', 'uploaded/files/cover-modified.pdf ', 'pdf ', 3000, 'no notes ', '2023-04-20 03:07:13', NULL, 'not '),
(22353, 2, 'User ', 'ملف البعثة الثانية عشر عن الاهرامات حول هرم الخوفو بتاريخ 14/4/2002 وهي بعثة جامعة القاهرة', 'uploaded/files/cover-modified.pdf ', 'pdf ', 3000, 'no notes ', '2023-04-20 03:07:13', NULL, 'not '),
(22354, 2, 'User ', 'ملف البعثة الثانية عشر عن الاهرامات حول هرم الخوفو بتاريخ 14/4/2002 وهي بعثة جامعة القاهرة', 'uploaded/files/cover-modified.pdf ', 'pdf ', 3000, 'no notes ', '2023-04-20 03:07:13', NULL, 'not '),
(22355, 2, 'User ', 'ملف البعثة الثانية عشر عن الاهرامات حول هرم الخوفو بتاريخ 14/4/2002 وهي بعثة جامعة القاهرة', 'uploaded/files/cover-modified.pdf ', 'pdf ', 3000, 'no notes ', '2023-04-20 03:07:13', NULL, 'not '),
(22356, 2, 'User ', 'ملف البعثة الثانية عشر عن الاهرامات حول هرم الخوفو بتاريخ 14/4/2002 وهي بعثة جامعة القاهرة', 'uploaded/files/cover-modified.pdf ', 'pdf ', 3000, 'no notes ', '2023-04-20 03:07:13', NULL, 'not '),
(22357, 2, 'User ', 'ملف البعثة الثانية عشر عن الاهرامات حول هرم الخوفو بتاريخ 14/4/2002 وهي بعثة جامعة القاهرة', 'uploaded/files/cover-modified.pdf ', 'pdf ', 3000, 'no notes ', '2023-04-20 03:07:13', NULL, 'not '),
(22358, 2, 'User ', 'ملف البعثة الثانية عشر عن الاهرامات حول هرم الخوفو بتاريخ 14/4/2002 وهي بعثة جامعة القاهرة', 'uploaded/files/cover-modified.pdf ', 'pdf ', 3000, 'no notes ', '2023-04-20 03:07:13', NULL, 'not '),
(22359, 2, 'User ', 'ملف البعثة الثانية عشر عن الاهرامات حول هرم الخوفو بتاريخ 14/4/2002 وهي بعثة جامعة القاهرة', 'uploaded/files/cover-modified.pdf ', 'pdf ', 3000, 'no notes ', '2023-04-20 03:07:13', NULL, 'not '),
(22360, 2, 'User ', 'ملف البعثة الثانية عشر عن الاهرامات حول هرم الخوفو بتاريخ 14/4/2002 وهي بعثة جامعة القاهرة', 'uploaded/files/cover-modified.pdf ', 'pdf ', 3000, 'no notes ', '2023-04-20 03:07:13', NULL, 'not '),
(22361, 2, 'User ', 'ملف البعثة الثانية عشر عن الاهرامات حول هرم الخوفو بتاريخ 14/4/2002 وهي بعثة جامعة القاهرة', 'uploaded/files/cover-modified.pdf ', 'pdf ', 3000, 'no notes ', '2023-04-20 03:07:13', NULL, 'not '),
(22362, 2, 'User ', 'ملف البعثة الثانية عشر عن الاهرامات حول هرم الخوفو بتاريخ 14/4/2002 وهي بعثة جامعة القاهرة', 'uploaded/files/cover-modified.pdf ', 'pdf ', 3000, 'no notes ', '2023-04-20 03:07:13', NULL, 'not '),
(22363, 2, 'User ', 'ملف البعثة الثانية عشر عن الاهرامات حول هرم الخوفو بتاريخ 14/4/2002 وهي بعثة جامعة القاهرة', 'uploaded/files/cover-modified.pdf ', 'pdf ', 3000, 'no notes ', '2023-04-20 03:07:13', NULL, 'not '),
(22364, 2, 'User ', 'ملف البعثة الثانية عشر عن الاهرامات حول هرم الخوفو بتاريخ 14/4/2002 وهي بعثة جامعة القاهرة', 'uploaded/files/cover-modified.pdf ', 'pdf ', 3000, 'no notes ', '2023-04-20 03:07:13', NULL, 'not '),
(22365, 2, 'User ', 'ملف البعثة الثانية عشر عن الاهرامات حول هرم الخوفو بتاريخ 14/4/2002 وهي بعثة جامعة القاهرة', 'uploaded/files/cover-modified.pdf ', 'pdf ', 3000, 'no notes ', '2023-04-20 03:07:14', NULL, 'not '),
(22366, 2, 'User ', 'ملف البعثة الثانية عشر عن الاهرامات حول هرم الخوفو بتاريخ 14/4/2002 وهي بعثة جامعة القاهرة', 'uploaded/files/cover-modified.pdf ', 'pdf ', 3000, 'no notes ', '2023-04-20 03:07:14', NULL, 'not '),
(22367, 2, 'User ', 'ملف البعثة الثانية عشر عن الاهرامات حول هرم الخوفو بتاريخ 14/4/2002 وهي بعثة جامعة القاهرة', 'uploaded/files/cover-modified.pdf ', 'pdf ', 3000, 'no notes ', '2023-04-20 03:07:14', NULL, 'not '),
(22368, 2, 'User ', 'ملف البعثة الثانية عشر عن الاهرامات حول هرم الخوفو بتاريخ 14/4/2002 وهي بعثة جامعة القاهرة', 'uploaded/files/cover-modified.pdf ', 'pdf ', 3000, 'no notes ', '2023-04-20 03:07:14', NULL, 'not '),
(22369, 2, 'User ', 'ملف البعثة الثانية عشر عن الاهرامات حول هرم الخوفو بتاريخ 14/4/2002 وهي بعثة جامعة القاهرة', 'uploaded/files/cover-modified.pdf ', 'pdf ', 3000, 'no notes ', '2023-04-20 03:07:14', NULL, 'not '),
(22370, 2, 'User ', 'ملف البعثة الثانية عشر عن الاهرامات حول هرم الخوفو بتاريخ 14/4/2002 وهي بعثة جامعة القاهرة', 'uploaded/files/cover-modified.pdf ', 'pdf ', 3000, 'no notes ', '2023-04-20 03:07:14', NULL, 'not '),
(22371, 2, 'User ', 'ملف البعثة الثانية عشر عن الاهرامات حول هرم الخوفو بتاريخ 14/4/2002 وهي بعثة جامعة القاهرة', 'uploaded/files/cover-modified.pdf ', 'pdf ', 3000, 'no notes ', '2023-04-20 03:07:14', NULL, 'not '),
(22372, 2, 'User ', 'ملف البعثة الثانية عشر عن الاهرامات حول هرم الخوفو بتاريخ 14/4/2002 وهي بعثة جامعة القاهرة', 'uploaded/files/cover-modified.pdf ', 'pdf ', 3000, 'no notes ', '2023-04-20 03:07:14', NULL, 'not '),
(22373, 2, 'User ', 'ملف البعثة الثانية عشر عن الاهرامات حول هرم الخوفو بتاريخ 14/4/2002 وهي بعثة جامعة القاهرة', 'uploaded/files/cover-modified.pdf ', 'pdf ', 3000, 'no notes ', '2023-04-20 03:07:14', NULL, 'not '),
(22374, 2, 'User ', 'ملف البعثة الثانية عشر عن الاهرامات حول هرم الخوفو بتاريخ 14/4/2002 وهي بعثة جامعة القاهرة', 'uploaded/files/cover-modified.pdf ', 'pdf ', 3000, 'no notes ', '2023-04-20 03:07:14', NULL, 'not '),
(22375, 2, 'User ', 'ملف البعثة الثانية عشر عن الاهرامات حول هرم الخوفو بتاريخ 14/4/2002 وهي بعثة جامعة القاهرة', 'uploaded/files/cover-modified.pdf ', 'pdf ', 3000, 'no notes ', '2023-04-20 03:07:14', NULL, 'not '),
(22376, 2, 'User ', 'ملف البعثة الثانية عشر عن الاهرامات حول هرم الخوفو بتاريخ 14/4/2002 وهي بعثة جامعة القاهرة', 'uploaded/files/cover-modified.pdf ', 'pdf ', 3000, 'no notes ', '2023-04-20 03:07:14', NULL, 'not '),
(22377, 2, 'User ', 'ملف البعثة الثانية عشر عن الاهرامات حول هرم الخوفو بتاريخ 14/4/2002 وهي بعثة جامعة القاهرة', 'uploaded/files/cover-modified.pdf ', 'pdf ', 3000, 'no notes ', '2023-04-20 03:07:14', NULL, 'not '),
(22378, 2, 'User ', 'ملف البعثة الثانية عشر عن الاهرامات حول هرم الخوفو بتاريخ 14/4/2002 وهي بعثة جامعة القاهرة', 'uploaded/files/cover-modified.pdf ', 'pdf ', 3000, 'no notes ', '2023-04-20 03:07:14', NULL, 'not '),
(22379, 2, 'User ', 'ملف البعثة الثانية عشر عن الاهرامات حول هرم الخوفو بتاريخ 14/4/2002 وهي بعثة جامعة القاهرة', 'uploaded/files/cover-modified.pdf ', 'pdf ', 3000, 'no notes ', '2023-04-20 03:07:14', NULL, 'not '),
(22380, 2, 'User ', 'ملف البعثة الثانية عشر عن الاهرامات حول هرم الخوفو بتاريخ 14/4/2002 وهي بعثة جامعة القاهرة', 'uploaded/files/cover-modified.pdf ', 'pdf ', 3000, 'no notes ', '2023-04-20 03:07:14', NULL, 'not '),
(22381, 2, 'User ', 'ملف البعثة الثانية عشر عن الاهرامات حول هرم الخوفو بتاريخ 14/4/2002 وهي بعثة جامعة القاهرة', 'uploaded/files/cover-modified.pdf ', 'pdf ', 3000, 'no notes ', '2023-04-20 03:07:14', NULL, 'not '),
(22382, 2, 'User ', 'ملف البعثة الثانية عشر عن الاهرامات حول هرم الخوفو بتاريخ 14/4/2002 وهي بعثة جامعة القاهرة', 'uploaded/files/cover-modified.pdf ', 'pdf ', 3000, 'no notes ', '2023-04-20 03:07:14', NULL, 'not '),
(22383, 2, 'User ', 'ملف البعثة الثانية عشر عن الاهرامات حول هرم الخوفو بتاريخ 14/4/2002 وهي بعثة جامعة القاهرة', 'uploaded/files/cover-modified.pdf ', 'pdf ', 3000, 'no notes ', '2023-04-20 03:07:14', NULL, 'not '),
(22384, 2, 'User ', 'ملف البعثة الثانية عشر عن الاهرامات حول هرم الخوفو بتاريخ 14/4/2002 وهي بعثة جامعة القاهرة', 'uploaded/files/cover-modified.pdf ', 'pdf ', 3000, 'no notes ', '2023-04-20 03:07:14', NULL, 'not '),
(22385, 2, 'User ', 'ملف البعثة الثانية عشر عن الاهرامات حول هرم الخوفو بتاريخ 14/4/2002 وهي بعثة جامعة القاهرة', 'uploaded/files/cover-modified.pdf ', 'pdf ', 3000, 'no notes ', '2023-04-20 03:07:14', NULL, 'not '),
(22386, 2, 'User ', 'ملف البعثة الثانية عشر عن الاهرامات حول هرم الخوفو بتاريخ 14/4/2002 وهي بعثة جامعة القاهرة', 'uploaded/files/cover-modified.pdf ', 'pdf ', 3000, 'no notes ', '2023-04-20 03:07:14', NULL, 'not '),
(22387, 2, 'User ', 'ملف البعثة الثانية عشر عن الاهرامات حول هرم الخوفو بتاريخ 14/4/2002 وهي بعثة جامعة القاهرة', 'uploaded/files/cover-modified.pdf ', 'pdf ', 3000, 'no notes ', '2023-04-20 03:07:14', NULL, 'not '),
(22388, 2, 'User ', 'ملف البعثة الثانية عشر عن الاهرامات حول هرم الخوفو بتاريخ 14/4/2002 وهي بعثة جامعة القاهرة', 'uploaded/files/cover-modified.pdf ', 'pdf ', 3000, 'no notes ', '2023-04-20 03:07:14', NULL, 'not '),
(22389, 2, 'User ', 'ملف البعثة الثانية عشر عن الاهرامات حول هرم الخوفو بتاريخ 14/4/2002 وهي بعثة جامعة القاهرة', 'uploaded/files/cover-modified.pdf ', 'pdf ', 3000, 'no notes ', '2023-04-20 03:07:14', NULL, 'not '),
(22390, 2, 'User ', 'ملف البعثة الثانية عشر عن الاهرامات حول هرم الخوفو بتاريخ 14/4/2002 وهي بعثة جامعة القاهرة', 'uploaded/files/cover-modified.pdf ', 'pdf ', 3000, 'no notes ', '2023-04-20 03:07:14', NULL, 'not '),
(22391, 2, 'User ', 'ملف البعثة الثانية عشر عن الاهرامات حول هرم الخوفو بتاريخ 14/4/2002 وهي بعثة جامعة القاهرة', 'uploaded/files/cover-modified.pdf ', 'pdf ', 3000, 'no notes ', '2023-04-20 03:07:14', NULL, 'not '),
(22392, 2, 'User ', 'ملف البعثة الثانية عشر عن الاهرامات حول هرم الخوفو بتاريخ 14/4/2002 وهي بعثة جامعة القاهرة', 'uploaded/files/cover-modified.pdf ', 'pdf ', 3000, 'no notes ', '2023-04-20 03:07:14', NULL, 'not '),
(22393, 2, 'User ', 'ملف البعثة الثانية عشر عن الاهرامات حول هرم الخوفو بتاريخ 14/4/2002 وهي بعثة جامعة القاهرة', 'uploaded/files/cover-modified.pdf ', 'pdf ', 3000, 'no notes ', '2023-04-20 03:07:14', NULL, 'not '),
(22394, 2, 'User ', 'ملف البعثة الثانية عشر عن الاهرامات حول هرم الخوفو بتاريخ 14/4/2002 وهي بعثة جامعة القاهرة', 'uploaded/files/cover-modified.pdf ', 'pdf ', 3000, 'no notes ', '2023-04-20 03:07:14', NULL, 'not '),
(22395, 2, 'User ', 'ملف البعثة الثانية عشر عن الاهرامات حول هرم الخوفو بتاريخ 14/4/2002 وهي بعثة جامعة القاهرة', 'uploaded/files/cover-modified.pdf ', 'pdf ', 3000, 'no notes ', '2023-04-20 03:07:14', NULL, 'not '),
(22396, 2, 'User ', 'ملف البعثة الثانية عشر عن الاهرامات حول هرم الخوفو بتاريخ 14/4/2002 وهي بعثة جامعة القاهرة', 'uploaded/files/cover-modified.pdf ', 'pdf ', 3000, 'no notes ', '2023-04-20 03:07:14', NULL, 'not '),
(22397, 2, 'User ', 'ملف البعثة الثانية عشر عن الاهرامات حول هرم الخوفو بتاريخ 14/4/2002 وهي بعثة جامعة القاهرة', 'uploaded/files/cover-modified.pdf ', 'pdf ', 3000, 'no notes ', '2023-04-20 03:07:14', NULL, 'not '),
(22398, 2, 'User ', 'ملف البعثة الثانية عشر عن الاهرامات حول هرم الخوفو بتاريخ 14/4/2002 وهي بعثة جامعة القاهرة', 'uploaded/files/cover-modified.pdf ', 'pdf ', 3000, 'no notes ', '2023-04-20 03:07:14', NULL, 'not '),
(22399, 2, 'User ', 'ملف البعثة الثانية عشر عن الاهرامات حول هرم الخوفو بتاريخ 14/4/2002 وهي بعثة جامعة القاهرة', 'uploaded/files/cover-modified.pdf ', 'pdf ', 3000, 'no notes ', '2023-04-20 03:07:14', NULL, 'not '),
(22400, 2, 'User ', 'ملف البعثة الثانية عشر عن الاهرامات حول هرم الخوفو بتاريخ 14/4/2002 وهي بعثة جامعة القاهرة', 'uploaded/files/cover-modified.pdf ', 'pdf ', 3000, 'no notes ', '2023-04-20 03:07:14', NULL, 'not '),
(22401, 2, 'User ', 'ملف البعثة الثانية عشر عن الاهرامات حول هرم الخوفو بتاريخ 14/4/2002 وهي بعثة جامعة القاهرة', 'uploaded/files/cover-modified.pdf ', 'pdf ', 3000, 'no notes ', '2023-04-20 03:07:14', NULL, 'not '),
(22402, 2, 'User ', 'ملف البعثة الثانية عشر عن الاهرامات حول هرم الخوفو بتاريخ 14/4/2002 وهي بعثة جامعة القاهرة', 'uploaded/files/cover-modified.pdf ', 'pdf ', 3000, 'no notes ', '2023-04-20 03:07:14', NULL, 'not '),
(22403, 2, 'User ', 'ملف البعثة الثانية عشر عن الاهرامات حول هرم الخوفو بتاريخ 14/4/2002 وهي بعثة جامعة القاهرة', 'uploaded/files/cover-modified.pdf ', 'pdf ', 3000, 'no notes ', '2023-04-20 03:07:14', NULL, 'not '),
(22404, 2, 'User ', 'ملف البعثة الثانية عشر عن الاهرامات حول هرم الخوفو بتاريخ 14/4/2002 وهي بعثة جامعة القاهرة', 'uploaded/files/cover-modified.pdf ', 'pdf ', 3000, 'no notes ', '2023-04-20 03:07:14', NULL, 'not '),
(22405, 2, 'User ', 'ملف البعثة الثانية عشر عن الاهرامات حول هرم الخوفو بتاريخ 14/4/2002 وهي بعثة جامعة القاهرة', 'uploaded/files/cover-modified.pdf ', 'pdf ', 3000, 'no notes ', '2023-04-20 03:07:14', NULL, 'not '),
(22406, 2, 'User ', 'ملف البعثة الثانية عشر عن الاهرامات حول هرم الخوفو بتاريخ 14/4/2002 وهي بعثة جامعة القاهرة', 'uploaded/files/cover-modified.pdf ', 'pdf ', 3000, 'no notes ', '2023-04-20 03:07:14', NULL, 'not '),
(22407, 2, 'User ', 'ملف البعثة الثانية عشر عن الاهرامات حول هرم الخوفو بتاريخ 14/4/2002 وهي بعثة جامعة القاهرة', 'uploaded/files/cover-modified.pdf ', 'pdf ', 3000, 'no notes ', '2023-04-20 03:07:15', NULL, 'not '),
(22408, 2, 'User ', 'ملف البعثة الثانية عشر عن الاهرامات حول هرم الخوفو بتاريخ 14/4/2002 وهي بعثة جامعة القاهرة', 'uploaded/files/cover-modified.pdf ', 'pdf ', 3000, 'no notes ', '2023-04-20 03:07:15', NULL, 'not '),
(22409, 2, 'User ', 'ملف البعثة الثانية عشر عن الاهرامات حول هرم الخوفو بتاريخ 14/4/2002 وهي بعثة جامعة القاهرة', 'uploaded/files/cover-modified.pdf ', 'pdf ', 3000, 'no notes ', '2023-04-20 03:07:15', NULL, 'not '),
(22410, 2, 'User ', 'ملف البعثة الثانية عشر عن الاهرامات حول هرم الخوفو بتاريخ 14/4/2002 وهي بعثة جامعة القاهرة', 'uploaded/files/cover-modified.pdf ', 'pdf ', 3000, 'no notes ', '2023-04-20 03:07:15', NULL, 'not '),
(22411, 2, 'User ', 'ملف البعثة الثانية عشر عن الاهرامات حول هرم الخوفو بتاريخ 14/4/2002 وهي بعثة جامعة القاهرة', 'uploaded/files/cover-modified.pdf ', 'pdf ', 3000, 'no notes ', '2023-04-20 03:07:15', NULL, 'not '),
(22412, 2, 'User ', 'ملف البعثة الثانية عشر عن الاهرامات حول هرم الخوفو بتاريخ 14/4/2002 وهي بعثة جامعة القاهرة', 'uploaded/files/cover-modified.pdf ', 'pdf ', 3000, 'no notes ', '2023-04-20 03:07:15', NULL, 'not '),
(22413, 2, 'User ', 'ملف البعثة الثانية عشر عن الاهرامات حول هرم الخوفو بتاريخ 14/4/2002 وهي بعثة جامعة القاهرة', 'uploaded/files/cover-modified.pdf ', 'pdf ', 3000, 'no notes ', '2023-04-20 03:07:15', NULL, 'not '),
(22414, 2, 'User ', 'ملف البعثة الثانية عشر عن الاهرامات حول هرم الخوفو بتاريخ 14/4/2002 وهي بعثة جامعة القاهرة', 'uploaded/files/cover-modified.pdf ', 'pdf ', 3000, 'no notes ', '2023-04-20 03:07:15', NULL, 'not '),
(22415, 2, 'User ', 'ملف البعثة الثانية عشر عن الاهرامات حول هرم الخوفو بتاريخ 14/4/2002 وهي بعثة جامعة القاهرة', 'uploaded/files/cover-modified.pdf ', 'pdf ', 3000, 'no notes ', '2023-04-20 03:07:15', NULL, 'not '),
(22416, 2, 'User ', 'ملف البعثة الثانية عشر عن الاهرامات حول هرم الخوفو بتاريخ 14/4/2002 وهي بعثة جامعة القاهرة', 'uploaded/files/cover-modified.pdf ', 'pdf ', 3000, 'no notes ', '2023-04-20 03:07:15', NULL, 'not '),
(22417, 2, 'User ', 'ملف البعثة الثانية عشر عن الاهرامات حول هرم الخوفو بتاريخ 14/4/2002 وهي بعثة جامعة القاهرة', 'uploaded/files/cover-modified.pdf ', 'pdf ', 3000, 'no notes ', '2023-04-20 03:07:15', NULL, 'not '),
(22418, 2, 'User ', 'ملف البعثة الثانية عشر عن الاهرامات حول هرم الخوفو بتاريخ 14/4/2002 وهي بعثة جامعة القاهرة', 'uploaded/files/cover-modified.pdf ', 'pdf ', 3000, 'no notes ', '2023-04-20 03:07:15', NULL, 'not '),
(22419, 2, 'User ', 'ملف البعثة الثانية عشر عن الاهرامات حول هرم الخوفو بتاريخ 14/4/2002 وهي بعثة جامعة القاهرة', 'uploaded/files/cover-modified.pdf ', 'pdf ', 3000, 'no notes ', '2023-04-20 03:07:15', NULL, 'not '),
(22420, 2, 'User ', 'ملف البعثة الثانية عشر عن الاهرامات حول هرم الخوفو بتاريخ 14/4/2002 وهي بعثة جامعة القاهرة', 'uploaded/files/cover-modified.pdf ', 'pdf ', 3000, 'no notes ', '2023-04-20 03:07:15', NULL, 'not ');
INSERT INTO `files` (`file_id`, `user_id`, `user_name`, `file_name`, `file_path`, `file_extension`, `file_size`, `notes`, `created_at`, `updated_at`, `updated_by`) VALUES
(22421, 2, 'User ', 'ملف البعثة الثانية عشر عن الاهرامات حول هرم الخوفو بتاريخ 14/4/2002 وهي بعثة جامعة القاهرة', 'uploaded/files/cover-modified.pdf ', 'pdf ', 3000, 'no notes ', '2023-04-20 03:07:15', NULL, 'not '),
(22422, 2, 'User ', 'ملف البعثة الثانية عشر عن الاهرامات حول هرم الخوفو بتاريخ 14/4/2002 وهي بعثة جامعة القاهرة', 'uploaded/files/cover-modified.pdf ', 'pdf ', 3000, 'no notes ', '2023-04-20 03:07:15', NULL, 'not '),
(22423, 2, 'User ', 'ملف البعثة الثانية عشر عن الاهرامات حول هرم الخوفو بتاريخ 14/4/2002 وهي بعثة جامعة القاهرة', 'uploaded/files/cover-modified.pdf ', 'pdf ', 3000, 'no notes ', '2023-04-20 03:07:15', NULL, 'not '),
(22424, 2, 'User ', 'ملف البعثة الثانية عشر عن الاهرامات حول هرم الخوفو بتاريخ 14/4/2002 وهي بعثة جامعة القاهرة', 'uploaded/files/cover-modified.pdf ', 'pdf ', 3000, 'no notes ', '2023-04-20 03:07:15', NULL, 'not '),
(22425, 2, 'User ', 'ملف البعثة الثانية عشر عن الاهرامات حول هرم الخوفو بتاريخ 14/4/2002 وهي بعثة جامعة القاهرة', 'uploaded/files/cover-modified.pdf ', 'pdf ', 3000, 'no notes ', '2023-04-20 03:07:15', NULL, 'not '),
(22426, 2, 'User ', 'ملف البعثة الثانية عشر عن الاهرامات حول هرم الخوفو بتاريخ 14/4/2002 وهي بعثة جامعة القاهرة', 'uploaded/files/cover-modified.pdf ', 'pdf ', 3000, 'no notes ', '2023-04-20 03:07:15', NULL, 'not '),
(22427, 2, 'User ', 'ملف البعثة الثانية عشر عن الاهرامات حول هرم الخوفو بتاريخ 14/4/2002 وهي بعثة جامعة القاهرة', 'uploaded/files/cover-modified.pdf ', 'pdf ', 3000, 'no notes ', '2023-04-20 03:07:15', NULL, 'not '),
(22428, 2, 'User ', 'ملف البعثة الثانية عشر عن الاهرامات حول هرم الخوفو بتاريخ 14/4/2002 وهي بعثة جامعة القاهرة', 'uploaded/files/cover-modified.pdf ', 'pdf ', 3000, 'no notes ', '2023-04-20 03:07:15', NULL, 'not '),
(22429, 2, 'User ', 'ملف البعثة الثانية عشر عن الاهرامات حول هرم الخوفو بتاريخ 14/4/2002 وهي بعثة جامعة القاهرة', 'uploaded/files/cover-modified.pdf ', 'pdf ', 3000, 'no notes ', '2023-04-20 03:07:15', NULL, 'not '),
(22430, 2, 'User ', 'ملف البعثة الثانية عشر عن الاهرامات حول هرم الخوفو بتاريخ 14/4/2002 وهي بعثة جامعة القاهرة', 'uploaded/files/cover-modified.pdf ', 'pdf ', 3000, 'no notes ', '2023-04-20 03:07:15', NULL, 'not '),
(22431, 2, 'User ', 'ملف البعثة الثانية عشر عن الاهرامات حول هرم الخوفو بتاريخ 14/4/2002 وهي بعثة جامعة القاهرة', 'uploaded/files/cover-modified.pdf ', 'pdf ', 3000, 'no notes ', '2023-04-20 03:07:15', NULL, 'not '),
(22432, 2, 'User ', 'ملف البعثة الثانية عشر عن الاهرامات حول هرم الخوفو بتاريخ 14/4/2002 وهي بعثة جامعة القاهرة', 'uploaded/files/cover-modified.pdf ', 'pdf ', 3000, 'no notes ', '2023-04-20 03:07:15', NULL, 'not '),
(22433, 2, 'User ', 'ملف البعثة الثانية عشر عن الاهرامات حول هرم الخوفو بتاريخ 14/4/2002 وهي بعثة جامعة القاهرة', 'uploaded/files/cover-modified.pdf ', 'pdf ', 3000, 'no notes ', '2023-04-20 03:07:15', NULL, 'not '),
(22434, 2, 'User ', 'ملف البعثة الثانية عشر عن الاهرامات حول هرم الخوفو بتاريخ 14/4/2002 وهي بعثة جامعة القاهرة', 'uploaded/files/cover-modified.pdf ', 'pdf ', 3000, 'no notes ', '2023-04-20 03:07:15', NULL, 'not '),
(22435, 2, 'User ', 'ملف البعثة الثانية عشر عن الاهرامات حول هرم الخوفو بتاريخ 14/4/2002 وهي بعثة جامعة القاهرة', 'uploaded/files/cover-modified.pdf ', 'pdf ', 3000, 'no notes ', '2023-04-20 03:07:15', NULL, 'not '),
(22436, 2, 'User ', 'ملف البعثة الثانية عشر عن الاهرامات حول هرم الخوفو بتاريخ 14/4/2002 وهي بعثة جامعة القاهرة', 'uploaded/files/cover-modified.pdf ', 'pdf ', 3000, 'no notes ', '2023-04-20 03:07:15', NULL, 'not '),
(22437, 2, 'User ', 'ملف البعثة الثانية عشر عن الاهرامات حول هرم الخوفو بتاريخ 14/4/2002 وهي بعثة جامعة القاهرة', 'uploaded/files/cover-modified.pdf ', 'pdf ', 3000, 'no notes ', '2023-04-20 03:07:15', NULL, 'not '),
(22438, 2, 'User ', 'ملف البعثة الثانية عشر عن الاهرامات حول هرم الخوفو بتاريخ 14/4/2002 وهي بعثة جامعة القاهرة', 'uploaded/files/cover-modified.pdf ', 'pdf ', 3000, 'no notes ', '2023-04-20 03:07:15', NULL, 'not '),
(22439, 2, 'User ', 'ملف البعثة الثانية عشر عن الاهرامات حول هرم الخوفو بتاريخ 14/4/2002 وهي بعثة جامعة القاهرة', 'uploaded/files/cover-modified.pdf ', 'pdf ', 3000, 'no notes ', '2023-04-20 03:07:15', NULL, 'not '),
(22440, 2, 'User ', 'ملف البعثة الثانية عشر عن الاهرامات حول هرم الخوفو بتاريخ 14/4/2002 وهي بعثة جامعة القاهرة', 'uploaded/files/cover-modified.pdf ', 'pdf ', 3000, 'no notes ', '2023-04-20 03:07:15', NULL, 'not '),
(22441, 2, 'User ', 'ملف البعثة الثانية عشر عن الاهرامات حول هرم الخوفو بتاريخ 14/4/2002 وهي بعثة جامعة القاهرة', 'uploaded/files/cover-modified.pdf ', 'pdf ', 3000, 'no notes ', '2023-04-20 03:07:15', NULL, 'not '),
(22442, 2, 'User ', 'ملف البعثة الثانية عشر عن الاهرامات حول هرم الخوفو بتاريخ 14/4/2002 وهي بعثة جامعة القاهرة', 'uploaded/files/cover-modified.pdf ', 'pdf ', 3000, 'no notes ', '2023-04-20 03:07:15', NULL, 'not '),
(22443, 2, 'User ', 'ملف البعثة الثانية عشر عن الاهرامات حول هرم الخوفو بتاريخ 14/4/2002 وهي بعثة جامعة القاهرة', 'uploaded/files/cover-modified.pdf ', 'pdf ', 3000, 'no notes ', '2023-04-20 03:07:15', NULL, 'not '),
(22444, 2, 'User ', 'ملف البعثة الثانية عشر عن الاهرامات حول هرم الخوفو بتاريخ 14/4/2002 وهي بعثة جامعة القاهرة', 'uploaded/files/cover-modified.pdf ', 'pdf ', 3000, 'no notes ', '2023-04-20 03:07:16', NULL, 'not '),
(22445, 2, 'User ', 'ملف البعثة الثانية عشر عن الاهرامات حول هرم الخوفو بتاريخ 14/4/2002 وهي بعثة جامعة القاهرة', 'uploaded/files/cover-modified.pdf ', 'pdf ', 3000, 'no notes ', '2023-04-20 03:07:16', NULL, 'not '),
(22446, 2, 'User ', 'ملف البعثة الثانية عشر عن الاهرامات حول هرم الخوفو بتاريخ 14/4/2002 وهي بعثة جامعة القاهرة', 'uploaded/files/cover-modified.pdf ', 'pdf ', 3000, 'no notes ', '2023-04-20 03:07:16', NULL, 'not '),
(22447, 2, 'User ', 'ملف البعثة الثانية عشر عن الاهرامات حول هرم الخوفو بتاريخ 14/4/2002 وهي بعثة جامعة القاهرة', 'uploaded/files/cover-modified.pdf ', 'pdf ', 3000, 'no notes ', '2023-04-20 03:07:16', NULL, 'not '),
(22448, 2, 'User ', 'ملف البعثة الثانية عشر عن الاهرامات حول هرم الخوفو بتاريخ 14/4/2002 وهي بعثة جامعة القاهرة', 'uploaded/files/cover-modified.pdf ', 'pdf ', 3000, 'no notes ', '2023-04-20 03:07:16', NULL, 'not '),
(22449, 2, 'User ', 'ملف البعثة الثانية عشر عن الاهرامات حول هرم الخوفو بتاريخ 14/4/2002 وهي بعثة جامعة القاهرة', 'uploaded/files/cover-modified.pdf ', 'pdf ', 3000, 'no notes ', '2023-04-20 03:07:16', NULL, 'not '),
(22450, 2, 'User ', 'ملف البعثة الثانية عشر عن الاهرامات حول هرم الخوفو بتاريخ 14/4/2002 وهي بعثة جامعة القاهرة', 'uploaded/files/cover-modified.pdf ', 'pdf ', 3000, 'no notes ', '2023-04-20 03:07:16', NULL, 'not '),
(22451, 2, 'User ', 'ملف البعثة الثانية عشر عن الاهرامات حول هرم الخوفو بتاريخ 14/4/2002 وهي بعثة جامعة القاهرة', 'uploaded/files/cover-modified.pdf ', 'pdf ', 3000, 'no notes ', '2023-04-20 03:07:16', NULL, 'not '),
(22452, 2, 'User ', 'ملف البعثة الثانية عشر عن الاهرامات حول هرم الخوفو بتاريخ 14/4/2002 وهي بعثة جامعة القاهرة', 'uploaded/files/cover-modified.pdf ', 'pdf ', 3000, 'no notes ', '2023-04-20 03:07:16', NULL, 'not '),
(22453, 2, 'User ', 'ملف البعثة الثانية عشر عن الاهرامات حول هرم الخوفو بتاريخ 14/4/2002 وهي بعثة جامعة القاهرة', 'uploaded/files/cover-modified.pdf ', 'pdf ', 3000, 'no notes ', '2023-04-20 03:07:16', NULL, 'not '),
(22454, 2, 'User ', 'ملف البعثة الثانية عشر عن الاهرامات حول هرم الخوفو بتاريخ 14/4/2002 وهي بعثة جامعة القاهرة', 'uploaded/files/cover-modified.pdf ', 'pdf ', 3000, 'no notes ', '2023-04-20 03:07:16', NULL, 'not '),
(22455, 2, 'User ', 'ملف البعثة الثانية عشر عن الاهرامات حول هرم الخوفو بتاريخ 14/4/2002 وهي بعثة جامعة القاهرة', 'uploaded/files/cover-modified.pdf ', 'pdf ', 3000, 'no notes ', '2023-04-20 03:07:16', NULL, 'not '),
(22456, 2, 'User ', 'ملف البعثة الثانية عشر عن الاهرامات حول هرم الخوفو بتاريخ 14/4/2002 وهي بعثة جامعة القاهرة', 'uploaded/files/cover-modified.pdf ', 'pdf ', 3000, 'no notes ', '2023-04-20 03:07:16', NULL, 'not '),
(22457, 2, 'User ', 'ملف البعثة الثانية عشر عن الاهرامات حول هرم الخوفو بتاريخ 14/4/2002 وهي بعثة جامعة القاهرة', 'uploaded/files/cover-modified.pdf ', 'pdf ', 3000, 'no notes ', '2023-04-20 03:07:16', NULL, 'not '),
(22458, 2, 'User ', 'ملف البعثة الثانية عشر عن الاهرامات حول هرم الخوفو بتاريخ 14/4/2002 وهي بعثة جامعة القاهرة', 'uploaded/files/cover-modified.pdf ', 'pdf ', 3000, 'no notes ', '2023-04-20 03:07:16', NULL, 'not '),
(22459, 2, 'User ', 'ملف البعثة الثانية عشر عن الاهرامات حول هرم الخوفو بتاريخ 14/4/2002 وهي بعثة جامعة القاهرة', 'uploaded/files/cover-modified.pdf ', 'pdf ', 3000, 'no notes ', '2023-04-20 03:07:16', NULL, 'not '),
(22460, 2, 'عمر راشد', 'مارك', 'uploaded/files/final-erd.pdf', 'pdf', 72837, 'no notes', '2023-04-20 03:54:29', NULL, 'not yet updated'),
(22461, 2, 'عمر راشد', 'يالحفائر الاثرية فى المنطقة الشمالية', 'uploaded/files/cover-modified.pdf', 'pdf', 399231, 'لا', '2023-04-20 14:18:00', '2023-05-07 22:45:15', 'عمر راشد'),
(22462, 2, 'عمر راشد', 'ليست مجموعة حفنة من حفائر اثرية فى المنطقة', 'uploaded/files/cover-modified.pdf', 'pdf', 399231, 'لا', '2023-04-20 14:19:36', '2023-04-25 19:05:06', 'عمر راشد'),
(22463, 2, 'عمر راشد', 'ملف', 'uploaded/files/cover-modified.pdf', 'pdf', 399231, 'no notes', '2023-04-27 22:52:03', NULL, 'not yet updated'),
(22464, 2, 'عمر راشد', 'ملف', 'uploaded/files/cover-modified.pdf', 'pdf', 399231, 'no notes', '2023-04-27 22:54:33', NULL, 'not yet updated'),
(22465, 2, 'عمر راشد', 'نن', 'uploaded/files/cover-modified.pdf', 'pdf', 399231, 'no notes', '2023-04-27 23:34:02', NULL, 'not yet updated'),
(22466, 2, 'عمر راشد', 'k', 'uploaded/files/cover-modified.pdf', 'pdf', 399231, 'no notes', '2023-04-28 00:10:27', NULL, 'not yet updated'),
(22467, 2, 'عمر راشد', 'ملف', 'uploaded/files/cover-modified.pdf', 'pdf', 399231, 'ن', '2023-04-28 01:47:12', NULL, 'not yet updated'),
(22468, 2, 'عمر راشد', 'ب', 'uploaded/files/295-book (1).pdf', 'pdf', 37137859, 'no notes', '2023-04-29 05:49:02', NULL, 'not yet updated'),
(22469, 2, 'عمر راشد', 'ه', 'uploaded/files/cover-modified.pdf', 'pdf', 399231, 'no notes', '2023-05-04 03:25:23', NULL, 'not yet updated'),
(22470, 2, 'عمر راشد', 'ت', 'uploaded/files/cover-modified.pdf', 'pdf', 399231, 'لا', '2023-05-07 21:07:20', NULL, 'لم يتم تحديثه بعد');

-- --------------------------------------------------------

--
-- Table structure for table `migrations`
--

CREATE TABLE `migrations` (
  `id` int(10) UNSIGNED NOT NULL,
  `migration` varchar(255) NOT NULL,
  `batch` int(11) NOT NULL
) ENGINE=InnoDB DEFAULT CHARSET=utf8mb4 COLLATE=utf8mb4_unicode_ci;

--
-- Dumping data for table `migrations`
--

INSERT INTO `migrations` (`id`, `migration`, `batch`) VALUES
(1, '2014_10_12_000000_create_users_table', 1),
(2, '2014_10_12_100000_create_password_reset_tokens_table', 1),
(3, '2019_08_19_000000_create_failed_jobs_table', 1),
(4, '2019_12_14_000001_create_personal_access_tokens_table', 1),
(5, '2014_10_12_100000_create_password_resets_table', 2),
(6, '2023_03_18_164549_create_permission_tables', 3);

-- --------------------------------------------------------

--
-- Table structure for table `model_has_permissions`
--

CREATE TABLE `model_has_permissions` (
  `permission_id` bigint(20) UNSIGNED NOT NULL,
  `model_type` varchar(255) NOT NULL,
  `model_id` bigint(20) UNSIGNED NOT NULL
) ENGINE=InnoDB DEFAULT CHARSET=utf8mb4 COLLATE=utf8mb4_unicode_ci;

-- --------------------------------------------------------

--
-- Table structure for table `model_has_roles`
--

CREATE TABLE `model_has_roles` (
  `role_id` bigint(20) UNSIGNED NOT NULL,
  `model_type` varchar(255) NOT NULL,
  `model_id` bigint(20) UNSIGNED NOT NULL
) ENGINE=InnoDB DEFAULT CHARSET=utf8mb4 COLLATE=utf8mb4_unicode_ci;

-- --------------------------------------------------------

--
-- Table structure for table `password_resets`
--

CREATE TABLE `password_resets` (
  `email` varchar(191) NOT NULL,
  `token` varchar(191) NOT NULL,
  `created_at` timestamp NULL DEFAULT NULL
) ENGINE=InnoDB DEFAULT CHARSET=utf8mb4 COLLATE=utf8mb4_unicode_ci;

-- --------------------------------------------------------

--
-- Table structure for table `password_reset_tokens`
--

CREATE TABLE `password_reset_tokens` (
  `email` varchar(255) NOT NULL,
  `token` varchar(255) NOT NULL,
  `created_at` datetime DEFAULT NULL
) ENGINE=InnoDB DEFAULT CHARSET=utf8mb4 COLLATE=utf8mb4_unicode_ci;

--
-- Dumping data for table `password_reset_tokens`
--

INSERT INTO `password_reset_tokens` (`email`, `token`, `created_at`) VALUES
('menaesmaels@gmail.com', '$2y$10$EhkPd1irdafc49jYgorMfenMF9vUdV4Ig9/q0UkxtqJIJqimDPe8e', '2023-05-04 02:38:31'),
('omar@mozej2.com', '$2y$10$GaQRljdpy9W.yBA9IO6fkupbV9QoW9UqiXempJAJus.noGKUwfRiu', '2023-05-04 02:49:26');

-- --------------------------------------------------------

--
-- Table structure for table `permissions`
--

CREATE TABLE `permissions` (
  `id` bigint(20) UNSIGNED NOT NULL,
  `name` varchar(255) NOT NULL,
  `guard_name` varchar(255) NOT NULL,
  `created_at` timestamp NULL DEFAULT NULL,
  `updated_at` timestamp NULL DEFAULT NULL
) ENGINE=InnoDB DEFAULT CHARSET=utf8mb4 COLLATE=utf8mb4_unicode_ci;

-- --------------------------------------------------------

--
-- Table structure for table `personal_access_tokens`
--

CREATE TABLE `personal_access_tokens` (
  `id` bigint(20) UNSIGNED NOT NULL,
  `tokenable_type` varchar(255) NOT NULL,
  `tokenable_id` bigint(20) UNSIGNED NOT NULL,
  `name` varchar(255) NOT NULL,
  `token` varchar(64) NOT NULL,
  `abilities` text DEFAULT NULL,
  `last_used_at` timestamp NULL DEFAULT NULL,
  `expires_at` timestamp NULL DEFAULT NULL,
  `created_at` timestamp NULL DEFAULT NULL,
  `updated_at` timestamp NULL DEFAULT NULL
) ENGINE=InnoDB DEFAULT CHARSET=utf8mb4 COLLATE=utf8mb4_unicode_ci;

-- --------------------------------------------------------

--
-- Table structure for table `roles`
--

CREATE TABLE `roles` (
  `id` bigint(20) UNSIGNED NOT NULL,
  `name` varchar(255) NOT NULL,
  `guard_name` varchar(255) NOT NULL,
  `created_at` timestamp NULL DEFAULT NULL,
  `updated_at` timestamp NULL DEFAULT NULL
) ENGINE=InnoDB DEFAULT CHARSET=utf8mb4 COLLATE=utf8mb4_unicode_ci;

-- --------------------------------------------------------

--
-- Table structure for table `role_has_permissions`
--

CREATE TABLE `role_has_permissions` (
  `permission_id` bigint(20) UNSIGNED NOT NULL,
  `role_id` bigint(20) UNSIGNED NOT NULL
) ENGINE=InnoDB DEFAULT CHARSET=utf8mb4 COLLATE=utf8mb4_unicode_ci;

-- --------------------------------------------------------

--
-- Table structure for table `track_users`
--

CREATE TABLE `track_users` (
  `id` bigint(20) NOT NULL,
  `user_id` int(5) NOT NULL,
  `file_id` int(10) DEFAULT NULL,
  `action` varchar(300) NOT NULL,
  `search_input` varchar(1000) DEFAULT NULL,
  `New_User_Registerd` varchar(250) DEFAULT NULL,
  `updated_by` varchar(255) DEFAULT NULL,
  `created_at` timestamp NOT NULL DEFAULT current_timestamp()
) ENGINE=InnoDB DEFAULT CHARSET=utf8mb4 COLLATE=utf8mb4_general_ci;

--
-- Dumping data for table `track_users`
--

INSERT INTO `track_users` (`id`, `user_id`, `file_id`, `action`, `search_input`, `New_User_Registerd`, `updated_by`, `created_at`) VALUES
(1790, 2, NULL, 'search', 'n', NULL, NULL, '2023-04-20 02:56:30'),
(1791, 2, 21959, 'upload', NULL, NULL, NULL, '2023-04-20 02:56:55'),
(1792, 2, NULL, 'search', 'ملف البعثة الثانية عشر عن الاهرامات حول هرم الخوفو بتاريخ 14/4/2002 وهي بعثة جامعة القاهرة', NULL, NULL, '2023-04-20 02:57:04'),
(1793, 2, NULL, 'search', 'عمر', NULL, NULL, '2023-04-20 02:57:09'),
(1794, 2, NULL, 'search', 'م', NULL, NULL, '2023-04-20 03:08:12'),
(1795, 2, NULL, 'search', 'ملف', NULL, NULL, '2023-04-20 03:08:17'),
(1796, 2, NULL, 'search', 'م', NULL, NULL, '2023-04-20 03:08:29'),
(1797, 2, NULL, 'search', 'مل', NULL, NULL, '2023-04-20 03:08:33'),
(1798, 2, NULL, 'search', 'ملفف', NULL, NULL, '2023-04-20 03:08:39'),
(1799, 2, NULL, 'search', 'ملفف بعضة تانية', NULL, NULL, '2023-04-20 03:08:50'),
(1800, 2, NULL, 'search', 'ملفف بعضة تانية', NULL, NULL, '2023-04-20 03:08:58'),
(1801, 2, NULL, 'search', 'u', NULL, NULL, '2023-04-20 03:09:17'),
(1802, 2, NULL, 'search', 'us', NULL, NULL, '2023-04-20 03:09:20'),
(1803, 2, NULL, 'search', 'user', NULL, NULL, '2023-04-20 03:09:22'),
(1804, 2, NULL, 'search', 'بع', NULL, NULL, '2023-04-20 03:09:33'),
(1805, 2, NULL, 'search', 'ب', NULL, NULL, '2023-04-20 03:09:36'),
(1806, 2, NULL, 'search', 'م', NULL, NULL, '2023-04-20 03:09:41'),
(1807, 2, NULL, 'search', 'م', NULL, NULL, '2023-04-20 03:09:45'),
(1808, 2, NULL, 'search', 'م', NULL, NULL, '2023-04-20 03:09:52'),
(1809, 2, NULL, 'search', 'م', NULL, NULL, '2023-04-20 03:09:56'),
(1810, 2, NULL, 'search', 'م', NULL, NULL, '2023-04-20 03:10:01'),
(1811, 2, NULL, 'search', 'ملف البعثة الثانية عشر عن الاهرامات حول هرم الخوفو بتاريخ 14/4/2002 وهي بعثة جامعة القاهرة', NULL, NULL, '2023-04-20 03:20:08'),
(1812, 2, NULL, 'search', 'ملف البعثة الثانية عشر عن الاهرامات حول هرم الخوفو بتاريخ 14/4/2002 وهي بعثة جامعة القاهرة', NULL, NULL, '2023-04-20 03:24:28'),
(1813, 2, NULL, 'search', 'l', NULL, NULL, '2023-04-20 03:24:31'),
(1814, 2, NULL, 'search', 'l', NULL, NULL, '2023-04-20 03:24:36'),
(1815, 2, NULL, 'search', 'l', NULL, NULL, '2023-04-20 03:24:38'),
(1816, 2, NULL, 'search', 'م', NULL, NULL, '2023-04-20 03:24:43'),
(1817, 2, NULL, 'search', 'م', NULL, NULL, '2023-04-20 03:24:51'),
(1818, 2, NULL, 'search', 'k', NULL, NULL, '2023-04-20 03:24:56'),
(1819, 2, NULL, 'search', 'pp', NULL, NULL, '2023-04-20 03:25:02'),
(1820, 2, NULL, 'search', 'p', NULL, NULL, '2023-04-20 03:25:05'),
(1821, 2, NULL, 'search', 'l', NULL, NULL, '2023-04-20 03:25:08'),
(1822, 2, NULL, 'search', 'lgt', NULL, NULL, '2023-04-20 03:30:55'),
(1823, 2, NULL, 'search', 'lgt', NULL, NULL, '2023-04-20 03:31:00'),
(1824, 2, NULL, 'search', 'lgy', NULL, NULL, '2023-04-20 03:31:04'),
(1825, 2, NULL, 'search', 'lkkl', NULL, NULL, '2023-04-20 03:31:11'),
(1826, 2, NULL, 'search', 'ssfdsgsd', NULL, NULL, '2023-04-20 03:31:18'),
(1827, 2, NULL, 'search', 'ملف البعثة الثانية عشر عن الاهرامات حول هرم الخوفو بتاريخ 14/4/2002 وهي بعثة جامعة القاهرة', NULL, NULL, '2023-04-20 03:32:22'),
(1828, 2, NULL, 'search', 'l', NULL, NULL, '2023-04-20 03:37:43'),
(1829, 2, NULL, 'search', 'l', NULL, NULL, '2023-04-20 03:44:04'),
(1830, 2, NULL, 'search', 'l', NULL, NULL, '2023-04-20 03:46:44'),
(1831, 2, NULL, 'search', 'l', NULL, NULL, '2023-04-20 03:46:48'),
(1832, 2, NULL, 'search', 'w', NULL, NULL, '2023-04-20 03:46:52'),
(1833, 2, NULL, 'search', 'q', NULL, NULL, '2023-04-20 03:46:55'),
(1834, 2, NULL, 'search', 'ن', NULL, NULL, '2023-04-20 03:46:59'),
(1835, 2, NULL, 'search', 'zzz', NULL, NULL, '2023-04-20 03:47:17'),
(1836, 2, NULL, 'search', 'z', NULL, NULL, '2023-04-20 03:47:19'),
(1837, 2, NULL, 'search', 'م', NULL, NULL, '2023-04-20 03:47:35'),
(1838, 2, NULL, 'search', 'ىى', NULL, NULL, '2023-04-20 03:47:40'),
(1839, 2, NULL, 'search', 'ىىى', NULL, NULL, '2023-04-20 03:47:44'),
(1840, 2, NULL, 'search', 'ىىىى', NULL, NULL, '2023-04-20 03:47:49'),
(1841, 2, NULL, 'search', 'y', NULL, NULL, '2023-04-20 03:47:54'),
(1842, 2, NULL, 'search', 'd', NULL, NULL, '2023-04-20 03:48:08'),
(1843, 2, NULL, 'search', 'w', NULL, NULL, '2023-04-20 03:48:10'),
(1844, 2, NULL, 'search', 'w', NULL, NULL, '2023-04-20 03:48:17'),
(1845, 2, NULL, 'search', 'w', NULL, NULL, '2023-04-20 03:48:22'),
(1846, 2, NULL, 'search', 'm', NULL, NULL, '2023-04-20 03:48:49'),
(1847, 2, NULL, 'search', 'l', NULL, NULL, '2023-04-20 03:53:33'),
(1848, 2, NULL, 'search', 'l', NULL, NULL, '2023-04-20 03:54:01'),
(1849, 2, 22460, 'upload', NULL, NULL, NULL, '2023-04-20 03:54:29'),
(1850, 2, NULL, 'search', 'مارك', NULL, NULL, '2023-04-20 03:54:39'),
(1851, 2, NULL, 'search', 'ما', NULL, NULL, '2023-04-20 03:54:43'),
(1852, 2, NULL, 'search', 'ما', NULL, NULL, '2023-04-20 03:54:48'),
(1853, 2, NULL, 'search', 'م', NULL, NULL, '2023-04-20 03:54:55'),
(1854, 2, NULL, 'search', 'مم', NULL, NULL, '2023-04-20 03:55:05'),
(1855, 2, NULL, 'search', 'مارك', NULL, NULL, '2023-04-20 03:55:10'),
(1856, 2, NULL, 'search', 'مار', NULL, NULL, '2023-04-20 03:55:14'),
(1857, 2, NULL, 'search', 'مار', NULL, NULL, '2023-04-20 03:56:15'),
(1858, 2, NULL, 'search', 'مار', NULL, NULL, '2023-04-20 03:57:26'),
(1859, 2, NULL, 'search', 'o', NULL, NULL, '2023-04-20 03:57:30'),
(1860, 2, NULL, 'search', 'l', NULL, NULL, '2023-04-20 03:57:35'),
(1861, 2, NULL, 'search', 'l', NULL, NULL, '2023-04-20 03:58:44'),
(1862, 2, NULL, 'search', 'l', NULL, NULL, '2023-04-20 03:58:48'),
(1863, 2, NULL, 'search', 's', NULL, NULL, '2023-04-20 04:14:28'),
(1864, 2, NULL, 'search', 'l', NULL, NULL, '2023-04-20 04:14:31'),
(1865, 2, NULL, 'search', 'م', NULL, NULL, '2023-04-20 04:16:40'),
(1866, 2, NULL, 'search', 'ملف', NULL, NULL, '2023-04-20 04:16:49'),
(1867, 2, NULL, 'search', 'مل', NULL, NULL, '2023-04-20 04:16:59'),
(1868, 2, NULL, 'search', 'ملف', NULL, NULL, '2023-04-20 04:17:06'),
(1869, 2, NULL, 'search', 'ملف', NULL, NULL, '2023-04-20 04:17:36'),
(1870, 2, NULL, 'search', 'مل', NULL, NULL, '2023-04-20 04:17:40'),
(1871, 2, NULL, 'search', 'ملف البعثة الثانية عشر عن الاهرامات حول هرم الخوفو بتاريخ 14/4/2002 وهي بعثة جامعة القاهرة', NULL, NULL, '2023-04-20 04:17:45'),
(1872, 2, NULL, 'search', 'ملفف', NULL, NULL, '2023-04-20 04:17:56'),
(1873, 2, NULL, 'search', 'k', NULL, NULL, '2023-04-20 04:18:01'),
(1874, 2, NULL, 'search', 'l', NULL, NULL, '2023-04-20 04:18:12'),
(1875, 2, NULL, 'search', 'l', NULL, NULL, '2023-04-20 04:18:24'),
(1876, 2, NULL, 'search', 'l', NULL, NULL, '2023-04-20 04:18:27'),
(1877, 2, NULL, 'search', 'م', NULL, NULL, '2023-04-20 04:18:30'),
(1878, 2, NULL, 'search', 'ملفف', NULL, NULL, '2023-04-20 04:18:35'),
(1879, 2, NULL, 'search', 'ملقق', NULL, NULL, '2023-04-20 04:18:46'),
(1880, 2, NULL, 'search', 'ملق', NULL, NULL, '2023-04-20 04:18:50'),
(1881, 2, NULL, 'search', 'ملج', NULL, NULL, '2023-04-20 04:18:54'),
(1882, 2, NULL, 'search', 'كلج', NULL, NULL, '2023-04-20 04:19:01'),
(1883, 2, NULL, 'search', 'ملج البعضة', NULL, NULL, '2023-04-20 04:19:11'),
(1884, 2, NULL, 'search', 'l', NULL, NULL, '2023-04-20 04:19:15'),
(1885, 2, NULL, 'search', 'l', NULL, NULL, '2023-04-20 04:19:23'),
(1886, 2, NULL, 'search', 't', NULL, NULL, '2023-04-20 04:19:32'),
(1887, 2, NULL, 'search', 'l', NULL, NULL, '2023-04-20 04:19:35'),
(1888, 2, NULL, 'search', 'm', NULL, NULL, '2023-04-20 04:19:38'),
(1889, 2, NULL, 'search', 't', NULL, NULL, '2023-04-20 04:19:41'),
(1890, 2, NULL, 'search', 'y', NULL, NULL, '2023-04-20 04:19:44'),
(1891, 2, NULL, 'search', 'z', NULL, NULL, '2023-04-20 04:19:47'),
(1892, 2, NULL, 'search', 'م', NULL, NULL, '2023-04-20 04:19:52'),
(1893, 2, NULL, 'search', 'ع', NULL, NULL, '2023-04-20 04:19:57'),
(1894, 2, NULL, 'search', 'لا', NULL, NULL, '2023-04-20 04:20:06'),
(1895, 2, NULL, 'search', 'لا', NULL, NULL, '2023-04-20 04:21:00'),
(1896, 2, NULL, 'search', 'م', NULL, NULL, '2023-04-20 04:21:03'),
(1897, 2, NULL, 'search', 'مل', NULL, NULL, '2023-04-20 04:21:08'),
(1898, 2, NULL, 'search', 'ملف', NULL, NULL, '2023-04-20 04:21:12'),
(1899, 2, NULL, 'search', 'l', NULL, NULL, '2023-04-20 04:21:32'),
(1900, 2, NULL, 'search', 't', NULL, NULL, '2023-04-20 04:21:38'),
(1901, 2, NULL, 'search', 'tt', NULL, NULL, '2023-04-20 04:22:50'),
(1902, 2, NULL, 'search', 'rr', NULL, NULL, '2023-04-20 04:22:50'),
(1903, 2, NULL, 'search', 'ما', NULL, NULL, '2023-04-20 04:23:42'),
(1904, 2, NULL, 'search', 'مار', NULL, NULL, '2023-04-20 04:23:46'),
(1905, 2, NULL, 'search', 'ماررك', NULL, NULL, '2023-04-20 04:23:56'),
(1906, 2, NULL, 'search', 'مار', NULL, NULL, '2023-04-20 04:24:09'),
(1907, 2, NULL, 'search', 'ما', NULL, NULL, '2023-04-20 04:24:13'),
(1908, 2, NULL, 'search', 'ما', NULL, NULL, '2023-04-20 04:24:39'),
(1909, 2, NULL, 'search', 'ما', NULL, NULL, '2023-04-20 04:24:44'),
(1910, 2, NULL, 'search', 't', NULL, NULL, '2023-04-20 04:24:48'),
(1911, 2, NULL, 'search', 'lg', NULL, NULL, '2023-04-20 04:25:12'),
(1912, 2, NULL, 'search', 'مل', NULL, NULL, '2023-04-20 04:25:16'),
(1913, 2, NULL, 'search', 'ملف', NULL, NULL, '2023-04-20 04:25:20'),
(1914, 2, NULL, 'search', 'ملف', NULL, NULL, '2023-04-20 04:25:34'),
(1915, 2, NULL, 'search', 'ما', NULL, NULL, '2023-04-20 04:25:37'),
(1916, 2, NULL, 'search', 'مارركك', NULL, NULL, '2023-04-20 04:25:43'),
(1917, 2, NULL, 'search', 'مارركك', NULL, NULL, '2023-04-20 04:26:08'),
(1918, 2, NULL, 'search', 'ق', NULL, NULL, '2023-04-20 04:26:16'),
(1919, 2, NULL, 'search', 't', NULL, NULL, '2023-04-20 04:26:23'),
(1920, 2, NULL, 'search', 'r', NULL, NULL, '2023-04-20 04:26:33'),
(1921, 2, NULL, 'search', 't', NULL, NULL, '2023-04-20 04:26:37'),
(1922, 2, NULL, 'search', 't', NULL, NULL, '2023-04-20 04:26:48'),
(1923, 2, NULL, 'search', 'm', NULL, NULL, '2023-04-20 04:26:51'),
(1924, 2, NULL, 'search', 't', NULL, NULL, '2023-04-20 04:27:00'),
(1925, 2, NULL, 'search', 'r', NULL, NULL, '2023-04-20 04:27:03'),
(1926, 2, NULL, 'search', 'q', NULL, NULL, '2023-04-20 04:27:16'),
(1927, 2, NULL, 'search', 'r', NULL, NULL, '2023-04-20 04:27:18'),
(1928, 2, NULL, 'search', 't', NULL, NULL, '2023-04-20 04:27:24'),
(1929, 2, NULL, 'search', 't', NULL, NULL, '2023-04-20 04:27:41'),
(1930, 2, NULL, 'search', 'r', NULL, NULL, '2023-04-20 04:27:46'),
(1931, 2, NULL, 'search', 't', NULL, NULL, '2023-04-20 04:28:02'),
(1932, 2, NULL, 'search', 'r', NULL, NULL, '2023-04-20 04:28:05'),
(1933, 2, NULL, 'search', 'r', NULL, NULL, '2023-04-20 04:28:39'),
(1934, 2, NULL, 'search', 'r', NULL, NULL, '2023-04-20 04:28:56'),
(1935, 2, NULL, 'search', 'r', NULL, NULL, '2023-04-20 04:28:58'),
(1936, 2, NULL, 'search', 't', NULL, NULL, '2023-04-20 04:29:00'),
(1937, 2, NULL, 'search', 'y', NULL, NULL, '2023-04-20 04:29:06'),
(1938, 2, NULL, 'search', 'ماررك', NULL, NULL, '2023-04-20 04:29:13'),
(1939, 2, NULL, 'search', 'مارك', NULL, NULL, '2023-04-20 04:29:17'),
(1940, 2, NULL, 'search', 't', NULL, NULL, '2023-04-20 04:35:48'),
(1941, 2, NULL, 'search', 'r', NULL, NULL, '2023-04-20 04:35:52'),
(1942, 2, NULL, 'search', 'ماارك', NULL, NULL, '2023-04-20 04:35:57'),
(1943, 2, NULL, 'search', 'ف', NULL, NULL, '2023-04-20 04:36:13'),
(1944, 2, NULL, 'search', 't', NULL, NULL, '2023-04-20 04:36:15'),
(1945, 2, NULL, 'search', 'r', NULL, NULL, '2023-04-20 04:36:18'),
(1946, 2, NULL, 'search', 'ما', NULL, NULL, '2023-04-20 04:36:24'),
(1947, 2, NULL, 'search', 'مار', NULL, NULL, '2023-04-20 04:36:28'),
(1948, 2, NULL, 'search', 'مارركك', NULL, NULL, '2023-04-20 04:36:33'),
(1949, 2, NULL, 'search', 'مارركك', NULL, NULL, '2023-04-20 04:36:34'),
(1950, 2, NULL, 'search', 'مااركك', NULL, NULL, '2023-04-20 04:36:39'),
(1951, 2, NULL, 'search', 'مارككك', NULL, NULL, '2023-04-20 04:36:45'),
(1952, 2, NULL, 'search', 'ماركك', NULL, NULL, '2023-04-20 04:36:49'),
(1953, 2, NULL, 'search', 'ف', NULL, NULL, '2023-04-20 04:37:30'),
(1954, 2, NULL, 'search', 't', NULL, NULL, '2023-04-20 04:37:34'),
(1955, 2, NULL, 'search', 'r', NULL, NULL, '2023-04-20 04:37:36'),
(1956, 2, NULL, 'search', 'ما', NULL, NULL, '2023-04-20 04:37:42'),
(1957, 2, NULL, 'search', 'مارركك', NULL, NULL, '2023-04-20 04:37:47'),
(1958, 2, NULL, 'search', 'مارك', NULL, NULL, '2023-04-20 04:39:37'),
(1959, 2, NULL, 'search', 'مل', NULL, NULL, '2023-04-20 04:39:41'),
(1960, 2, NULL, 'search', 'مل', NULL, NULL, '2023-04-20 04:39:45'),
(1961, 2, NULL, 'search', 'ملف', NULL, NULL, '2023-04-20 04:39:49'),
(1962, 2, NULL, 'search', 'ملف البعثة الثانية عشر عن الاهرامات حول هرم الخوفو بتاريخ 14/4/2002 وهي بعثة جامعة القاهرة', NULL, NULL, '2023-04-20 04:39:54'),
(1963, 2, NULL, 'search', 'ملف', NULL, NULL, '2023-04-20 04:39:58'),
(1964, 2, NULL, 'search', 'مل', NULL, NULL, '2023-04-20 04:40:01'),
(1965, 2, NULL, 'search', 't', NULL, NULL, '2023-04-20 12:14:25'),
(1966, 2, NULL, 'search', 'r', NULL, NULL, '2023-04-20 12:14:29'),
(1967, 2, NULL, 'search', 't', NULL, NULL, '2023-04-20 12:15:00'),
(1968, 2, NULL, 'search', 'y', NULL, NULL, '2023-04-20 12:15:03'),
(1969, 2, NULL, 'search', 'r', NULL, NULL, '2023-04-20 12:15:06'),
(1970, 2, NULL, 'search', 'tt', NULL, NULL, '2023-04-20 12:15:13'),
(1971, 2, NULL, 'search', 'rrr', NULL, NULL, '2023-04-20 12:15:17'),
(1972, 2, NULL, 'search', 'م', NULL, NULL, '2023-04-20 12:15:19'),
(1973, 2, NULL, 'search', 'مم', NULL, NULL, '2023-04-20 12:15:23'),
(1974, 2, NULL, 'search', 'س', NULL, NULL, '2023-04-20 12:16:29'),
(1975, 2, NULL, 'search', 'س', NULL, NULL, '2023-04-20 12:16:49'),
(1976, 2, NULL, 'search', 'منلف', NULL, NULL, '2023-04-20 12:18:18'),
(1977, 2, NULL, 'search', 'منلف', NULL, NULL, '2023-04-20 12:18:23'),
(1978, 2, NULL, 'search', 'مملف', NULL, NULL, '2023-04-20 12:18:30'),
(1979, 2, NULL, 'search', 'ملفف', NULL, NULL, '2023-04-20 12:18:35'),
(1980, 2, NULL, 'search', 'ملففف', NULL, NULL, '2023-04-20 12:18:42'),
(1981, 2, NULL, 'search', 'ملفففف', NULL, NULL, '2023-04-20 12:18:49'),
(1982, 2, NULL, 'search', 'م', NULL, NULL, '2023-04-20 12:54:32'),
(1983, 2, NULL, 'search', 'مل', NULL, NULL, '2023-04-20 12:54:37'),
(1984, 2, NULL, 'search', 'ملفف بعضة حلل', NULL, NULL, '2023-04-20 12:54:49'),
(1985, 2, NULL, 'search', 'نلف', NULL, NULL, '2023-04-20 12:54:56'),
(1986, 2, NULL, 'search', 'منف', NULL, NULL, '2023-04-20 12:55:01'),
(1987, 2, NULL, 'search', 'ملففف', NULL, NULL, '2023-04-20 12:55:05'),
(1988, 2, NULL, 'search', 'ملفففف', NULL, NULL, '2023-04-20 12:55:12'),
(1989, 2, NULL, 'search', 'r', NULL, NULL, '2023-04-20 12:55:17'),
(1990, 2, NULL, 'search', 't', NULL, NULL, '2023-04-20 12:55:20'),
(1991, 2, NULL, 'search', 'r', NULL, NULL, '2023-04-20 12:55:23'),
(1992, 2, NULL, 'search', 'ما', NULL, NULL, '2023-04-20 12:55:30'),
(1993, 2, NULL, 'search', 'مارك', NULL, NULL, '2023-04-20 12:55:34'),
(1994, 2, NULL, 'search', 'مار', NULL, NULL, '2023-04-20 12:55:38'),
(1995, 2, NULL, 'search', 'م', NULL, NULL, '2023-04-20 14:16:08'),
(1996, 2, NULL, 'search', 'م', NULL, NULL, '2023-04-20 14:16:16'),
(1997, 2, NULL, 'search', 'م', NULL, NULL, '2023-04-20 14:16:25'),
(1998, 2, NULL, 'search', 'مارك', NULL, NULL, '2023-04-20 14:16:35'),
(1999, 2, NULL, 'search', 'م', NULL, NULL, '2023-04-20 14:16:38'),
(2000, 2, NULL, 'search', 'م', NULL, NULL, '2023-04-20 14:16:42'),
(2001, 2, NULL, 'search', 'ما', NULL, NULL, '2023-04-20 14:16:55'),
(2002, 2, NULL, 'search', 'مملف', NULL, NULL, '2023-04-20 14:16:59'),
(2003, 2, NULL, 'search', 'مالف', NULL, NULL, '2023-04-20 14:17:06'),
(2004, 2, 22461, 'upload', NULL, NULL, NULL, '2023-04-20 14:18:01'),
(2005, 2, NULL, 'search', 'ال', NULL, NULL, '2023-04-20 14:18:09'),
(2006, 2, NULL, 'search', 'الح', NULL, NULL, '2023-04-20 14:18:13'),
(2007, 2, NULL, 'search', 'الحف', NULL, NULL, '2023-04-20 14:18:25'),
(2008, 2, NULL, 'search', 'الحفا', NULL, NULL, '2023-04-20 14:18:29'),
(2009, 2, NULL, 'search', 'الحف', NULL, NULL, '2023-04-20 14:19:00'),
(2010, 2, NULL, 'search', 'الحفا', NULL, NULL, '2023-04-20 14:19:06'),
(2011, 2, 22462, 'upload', NULL, NULL, NULL, '2023-04-20 14:19:36'),
(2012, 2, NULL, 'search', 'الحفائر الاثرية فى المنطقة الشمالية', NULL, NULL, '2023-04-20 14:19:49'),
(2013, 2, NULL, 'search', 'حف', NULL, NULL, '2023-04-20 14:19:53'),
(2014, 2, NULL, 'search', 'حفا', NULL, NULL, '2023-04-20 14:19:56'),
(2015, 2, NULL, 'search', 'مل', NULL, NULL, '2023-04-20 14:20:13'),
(2016, 2, NULL, 'search', 'ل', NULL, NULL, '2023-04-20 14:20:16'),
(2017, 2, NULL, 'search', 'ح', NULL, NULL, '2023-04-20 14:20:20'),
(2018, 2, NULL, 'search', 'ح', NULL, NULL, '2023-04-20 14:20:25'),
(2019, 2, NULL, 'search', 'ح', NULL, NULL, '2023-04-20 14:20:32'),
(2020, 2, NULL, 'search', 'ح', NULL, NULL, '2023-04-20 14:20:38'),
(2021, 2, NULL, 'search', 'الحفائر الاثرية فى المنطقة الشمالية', NULL, NULL, '2023-04-20 14:20:51'),
(2022, 2, NULL, 'search', 'الملف', NULL, NULL, '2023-04-20 14:22:36'),
(2023, 2, NULL, 'search', 'المنف', NULL, NULL, '2023-04-20 14:22:47'),
(2024, 2, NULL, 'search', 'حف', NULL, NULL, '2023-04-20 14:27:34'),
(2025, 2, NULL, 'search', 'حفا', NULL, NULL, '2023-04-20 14:27:38'),
(2026, 2, NULL, 'search', 'الحف', NULL, NULL, '2023-04-20 14:27:43'),
(2027, 2, NULL, 'search', 'الحفا', NULL, NULL, '2023-04-20 14:27:49'),
(2028, 2, NULL, 'search', 'ملف البعثة الثانية عشر عن الاهرامات حول هرم الخوفو بتاريخ 14/4/2002 وهي بعثة جامعة القاهرة', NULL, NULL, '2023-04-20 19:49:28'),
(2029, 2, NULL, 'search', 'مل', NULL, NULL, '2023-04-20 19:53:37'),
(2030, 2, NULL, 'search', 'مارك', NULL, NULL, '2023-04-20 19:53:43'),
(2031, 2, NULL, 'search', 'الح', NULL, NULL, '2023-04-20 19:53:54'),
(2032, 2, NULL, 'search', 'الحف', NULL, NULL, '2023-04-20 19:53:58'),
(2033, 2, NULL, 'search', 'الحف', NULL, NULL, '2023-04-20 19:54:19'),
(2034, 2, NULL, 'search', 'الحفا', NULL, NULL, '2023-04-20 19:54:24'),
(2035, 2, NULL, 'search', 'r', NULL, NULL, '2023-04-20 20:02:24'),
(2036, 2, NULL, 'search', 't', NULL, NULL, '2023-04-20 20:02:27'),
(2037, 2, NULL, 'search', 'tt', NULL, NULL, '2023-04-20 20:02:30'),
(2038, 2, NULL, 'search', 'ttملف', NULL, NULL, '2023-04-20 20:02:34'),
(2039, 2, NULL, 'search', 'ملف فف', NULL, NULL, '2023-04-20 20:02:41'),
(2040, 2, NULL, 'search', 'ملف tt', NULL, NULL, '2023-04-20 20:02:47'),
(2041, 2, NULL, 'search', 'ملف tt', NULL, NULL, '2023-04-20 20:02:56'),
(2042, 2, NULL, 'search', 'u', NULL, NULL, '2023-04-20 20:03:05'),
(2043, 2, NULL, 'search', 'use', NULL, NULL, '2023-04-20 20:03:09'),
(2044, 2, NULL, 'search', 'user', NULL, NULL, '2023-04-20 20:03:12'),
(2045, 2, NULL, 'search', 'عمر', NULL, NULL, '2023-04-20 20:03:25'),
(2046, 2, NULL, 'search', 'مار\\', NULL, NULL, '2023-04-20 20:03:43'),
(2047, 2, NULL, 'search', 'مار', NULL, NULL, '2023-04-20 20:03:47'),
(2048, 2, NULL, 'search', 'ما', NULL, NULL, '2023-04-20 20:03:52'),
(2049, 2, NULL, 'search', 'ملففف', NULL, NULL, '2023-04-20 20:04:06'),
(2050, 2, NULL, 'search', 'مارركك', NULL, NULL, '2023-04-20 20:04:17'),
(2051, 2, NULL, 'login', NULL, NULL, NULL, '2023-04-23 20:06:49'),
(2052, 2, NULL, 'search', 'حفائر اثرية فى المنطقة', NULL, NULL, '2023-04-23 20:26:17'),
(2053, 2, NULL, 'search', 'حفائر اثرية فى المنطقة', NULL, NULL, '2023-04-23 20:26:45'),
(2054, 2, NULL, 'search', 'حفائر اثرية فى المنطقة', NULL, NULL, '2023-04-23 20:27:37'),
(2055, 2, NULL, 'search', 'ملف البعثة الثانية عشر عن الاهرامات حول هرم الخوفو بتاريخ 14/4/2002 وهي بعثة جامعة القاهرة', NULL, NULL, '2023-04-23 20:27:47'),
(2056, 2, NULL, 'search', 'ملف البعثة الثانية عشر عن الاهرامات حول هرم الخوفو بتاريخ 14/4/2002 وهي بعثة جامعة القاهرة', NULL, NULL, '2023-04-23 20:29:15'),
(2057, 2, NULL, 'search', 'ملف البعثة الثانية عشر عن الاهرامات حول هرم الخوفو بتاريخ 14/4/2002 وهي بعثة جامعة القاهرة', NULL, NULL, '2023-04-23 20:29:47'),
(2058, 2, NULL, 'search', 'م', NULL, NULL, '2023-04-23 20:29:59'),
(2059, 2, NULL, 'search', 'م', NULL, NULL, '2023-04-23 20:30:04'),
(2060, 2, NULL, 'search', 'م', NULL, NULL, '2023-04-23 20:31:13'),
(2061, 2, NULL, 'search', 'م', NULL, NULL, '2023-04-23 20:32:01'),
(2062, 2, NULL, 'login', NULL, NULL, NULL, '2023-04-25 16:48:15'),
(2063, 2, NULL, 'search', 'حفائر اثرية فى المنطقة', NULL, NULL, '2023-04-25 16:48:54'),
(2064, 2, 22462, 'update', NULL, NULL, NULL, '2023-04-25 17:01:02'),
(2065, 2, 22462, 'update', NULL, NULL, NULL, '2023-04-25 17:01:17'),
(2066, 2, 22462, 'update', NULL, NULL, 'عمر راشد', '2023-04-25 17:05:06'),
(2067, 2, NULL, 'search', 'us', NULL, NULL, '2023-04-25 17:22:45'),
(2068, 2, NULL, 'search', 'user', NULL, NULL, '2023-04-25 17:22:48'),
(2069, 2, NULL, 'update email', NULL, NULL, NULL, '2023-04-25 17:50:12'),
(2070, 2, NULL, 'update password', NULL, NULL, NULL, '2023-04-25 17:51:22'),
(2071, 2, NULL, 'update email', NULL, NULL, NULL, '2023-04-25 17:53:22'),
(2072, 13, NULL, 'login', NULL, NULL, NULL, '2023-04-25 17:54:06'),
(2073, 2, NULL, 'login', NULL, NULL, NULL, '2023-04-25 17:54:18'),
(2074, 2, NULL, 'login', NULL, NULL, NULL, '2023-04-25 17:55:13'),
(2075, 2, NULL, 'login', NULL, NULL, NULL, '2023-04-25 17:55:30'),
(2076, 2, NULL, 'login', NULL, NULL, NULL, '2023-04-27 22:51:43'),
(2077, 2, 22464, 'upload', NULL, NULL, NULL, '2023-04-27 22:54:34'),
(2078, 2, NULL, 'login', NULL, NULL, NULL, '2023-04-27 23:02:35'),
(2079, 2, NULL, 'login', NULL, NULL, NULL, '2023-04-27 23:14:38'),
(2080, 2, NULL, 'search', 'ليست مجموعة حفنة من حفائر اثرية فى المنطقة', NULL, NULL, '2023-04-27 23:18:20'),
(2081, 2, NULL, 'search', 'ليست', NULL, NULL, '2023-04-27 23:18:28'),
(2082, 2, NULL, 'register', NULL, '19', NULL, '2023-04-27 23:21:04'),
(2083, 2, NULL, 'login', NULL, NULL, NULL, '2023-04-27 23:25:23'),
(2084, 2, NULL, 'login', NULL, NULL, NULL, '2023-04-27 23:28:03'),
(2085, 2, 22465, 'upload', NULL, NULL, NULL, '2023-04-27 23:34:03'),
(2086, 2, NULL, 'login', NULL, NULL, NULL, '2023-04-27 23:34:20'),
(2087, 2, NULL, 'login', NULL, NULL, NULL, '2023-04-27 23:35:14'),
(2088, 2, NULL, 'login', NULL, NULL, NULL, '2023-04-27 23:35:32'),
(2089, 2, NULL, 'search', 'نن', NULL, NULL, '2023-04-27 23:35:50'),
(2090, 2, NULL, 'login', NULL, NULL, NULL, '2023-04-27 23:36:20'),
(2091, 2, NULL, 'login', NULL, NULL, NULL, '2023-04-28 00:09:04'),
(2092, 2, NULL, 'login', NULL, NULL, NULL, '2023-04-28 00:10:15'),
(2093, 2, 22466, 'upload', NULL, NULL, NULL, '2023-04-28 00:10:27'),
(2094, 2, NULL, 'login', NULL, NULL, NULL, '2023-04-28 01:45:39'),
(2095, 2, 22467, 'upload', NULL, NULL, NULL, '2023-04-28 01:47:13'),
(2096, 2, NULL, 'search', 'نن', NULL, NULL, '2023-04-28 01:47:21'),
(2097, 2, NULL, 'search', 'ن', NULL, NULL, '2023-04-28 01:47:23'),
(2098, 2, NULL, 'search', 'k', NULL, NULL, '2023-04-28 01:47:36'),
(2099, 2, NULL, 'search', 'user', NULL, NULL, '2023-04-28 01:47:43'),
(2100, 2, NULL, 'update email', NULL, NULL, NULL, '2023-04-28 01:50:36'),
(2101, 2, NULL, 'update email', NULL, NULL, NULL, '2023-04-28 01:50:41'),
(2102, 2, NULL, 'update email', NULL, NULL, NULL, '2023-04-28 01:51:59'),
(2103, 2, NULL, 'update email', NULL, NULL, NULL, '2023-04-28 01:52:14'),
(2104, 2, NULL, 'update password', NULL, NULL, NULL, '2023-04-28 01:53:33'),
(2105, 2, NULL, 'update email', NULL, NULL, NULL, '2023-04-28 01:53:39'),
(2106, 2, NULL, 'update email', NULL, NULL, NULL, '2023-04-28 01:53:55'),
(2107, 2, NULL, 'login', NULL, NULL, NULL, '2023-04-28 14:58:28'),
(2108, 2, NULL, 'login', NULL, NULL, NULL, '2023-04-28 14:59:05'),
(2109, 2, NULL, 'login', NULL, NULL, NULL, '2023-04-28 15:29:11'),
(2110, 2, NULL, 'login', NULL, NULL, NULL, '2023-04-28 15:29:41'),
(2111, 2, NULL, 'login', NULL, NULL, NULL, '2023-04-29 05:46:21'),
(2112, 2, NULL, 'search', 'مل', NULL, NULL, '2023-04-29 05:48:15'),
(2113, 2, NULL, 'login', NULL, NULL, NULL, '2023-05-04 00:52:30'),
(2114, 2, NULL, 'login', NULL, NULL, NULL, '2023-05-04 03:17:37'),
(2115, 2, NULL, 'update email', NULL, NULL, NULL, '2023-05-04 03:17:52'),
(2116, 2, NULL, 'update email', NULL, NULL, NULL, '2023-05-04 03:17:58'),
(2117, 2, NULL, 'update password', NULL, NULL, NULL, '2023-05-04 03:21:40'),
(2118, 2, NULL, 'search', 'الحفائر الاثرية فى المنطقة الشمالية', NULL, NULL, '2023-05-04 03:24:44'),
(2119, 2, NULL, 'search', 'عمر', NULL, NULL, '2023-05-04 03:24:50'),
(2120, 2, NULL, 'search', 'ملف البعثة الثانية عشر عن الاهرامات حول هرم الخوفو بتاريخ 14/4/2002 وهي بعثة جامعة القاهرة', NULL, NULL, '2023-05-04 03:25:01'),
(2121, 2, NULL, 'search', 'ملف البعثة الثانية عشر عن الاهرامات حول هرم الخوفو بتاريخ 14/4/2002 وهي بعثة جامعة القاهرة', NULL, NULL, '2023-05-04 03:25:05'),
(2122, 2, 22469, 'upload', NULL, NULL, NULL, '2023-05-04 03:25:24'),
(2123, 2, NULL, 'login', NULL, NULL, NULL, '2023-05-07 18:10:06'),
(2124, 2, NULL, 'login', NULL, NULL, NULL, '2023-05-07 18:10:37'),
(2125, 2, NULL, 'قام بتسجيل الدخول', NULL, NULL, NULL, '2023-05-07 20:12:05'),
(2126, 2, NULL, 'قام بتسجيل مستخدم جديد', NULL, '20', NULL, '2023-05-07 20:12:25'),
(2127, 2, NULL, 'قام بتسجيل مستخدم جديد', NULL, '21', NULL, '2023-05-07 20:20:18'),
(2128, 2, NULL, 'قام بتسجيل مستخدم جديد', NULL, '22', NULL, '2023-05-07 20:24:01'),
(2129, 2, NULL, 'قام بتسجيل مستخدم جديد', NULL, '23', NULL, '2023-05-07 20:24:51'),
(2130, 2, NULL, 'قام بتسجيل مستخدم جديد', NULL, '24', NULL, '2023-05-07 20:26:55'),
(2131, 2, NULL, 'قام بتسجيل مستخدم جديد', NULL, '25', NULL, '2023-05-07 20:27:37'),
(2132, 2, NULL, 'قام بتسجيل مستخدم جديد', NULL, '26', NULL, '2023-05-07 20:28:08'),
(2133, 2, NULL, 'قام بتسجيل مستخدم جديد', NULL, '27', NULL, '2023-05-07 20:28:27'),
(2134, 2, NULL, 'قام بتحديث البريد الالكتروني', NULL, NULL, NULL, '2023-05-07 20:32:59'),
(2135, 2, NULL, 'قام بتحديث البريد الالكتروني', NULL, NULL, NULL, '2023-05-07 20:33:21'),
(2136, 2, NULL, 'قام بتحديث كلمة المرور', NULL, NULL, NULL, '2023-05-07 20:33:48'),
(2137, 2, NULL, 'قام بتحديث كلمة المرور', NULL, NULL, NULL, '2023-05-07 20:34:38'),
(2138, 2, NULL, 'قام بتحديث كلمة المرور', NULL, NULL, NULL, '2023-05-07 20:35:49'),
(2139, 2, NULL, 'قام بتحديث كلمة المرور', NULL, NULL, NULL, '2023-05-07 20:36:11'),
(2140, 2, NULL, 'قام بالبحث عن ملف', 'الحفائر الاثرية فى المنطقة الشمالية', NULL, NULL, '2023-05-07 20:44:45'),
(2141, 2, 22461, 'قام بتحديث ملف', NULL, NULL, 'عمر راشد', '2023-05-07 20:45:17'),
(2142, 2, NULL, 'قام بالبحث عن ملف', 'يالحفائر الاثرية فى المنطقة الشمالية', NULL, NULL, '2023-05-07 20:45:42'),
(2143, 2, NULL, 'قام بإعادة ضبط  كلمة المرور', NULL, NULL, NULL, '2023-05-07 20:54:00'),
(2144, 2, NULL, 'قام بتسجيل الدخول', NULL, NULL, NULL, '2023-05-07 20:55:14'),
(2145, 2, NULL, 'قام بتحديث كلمة المرور', NULL, NULL, NULL, '2023-05-07 20:55:34'),
(2146, 2, NULL, 'قام بتسجيل الدخول', NULL, NULL, NULL, '2023-05-07 21:04:55'),
(2147, 2, NULL, 'قام بتسجيل مستخدم جديد', NULL, '28', NULL, '2023-05-07 21:06:12'),
(2148, 2, NULL, 'قام بالبحث عن ملف', 'الحفائر الاثرية فى المنطقة الشمالية', NULL, NULL, '2023-05-07 21:06:35'),
(2149, 2, NULL, ' قام بالبحث عن ملف', 'عمر', NULL, NULL, '2023-05-07 21:06:35'),
(2150, 2, NULL, 'قام بالبحث عن ملف', 'عمر', NULL, NULL, '2023-05-07 21:06:51'),
(2151, 2, NULL, 'قام بالبحث عن ملف', 'مارك', NULL, NULL, '2023-05-07 21:07:00'),
(2152, 2, NULL, ' قام بالبحث عن ملف', 'عمر', NULL, NULL, '2023-05-07 21:07:00'),
(2153, 2, 22470, 'قام برفع الملفات', NULL, NULL, NULL, '2023-05-07 21:07:21'),
(2154, 2, NULL, 'قام بتحديث البريد الالكتروني', NULL, NULL, NULL, '2023-05-07 21:10:42'),
(2155, 2, NULL, 'قام بتحديث البريد الالكتروني', NULL, NULL, NULL, '2023-05-07 21:10:47'),
(2156, 2, NULL, 'قام بتحديث البريد الالكتروني', NULL, NULL, NULL, '2023-05-07 21:11:02'),
(2157, 2, NULL, 'قام بتحديث كلمة المرور', NULL, NULL, NULL, '2023-05-07 21:11:27'),
(2158, 2, NULL, 'قام بإعادة ضبط  كلمة المرور', NULL, NULL, NULL, '2023-05-07 21:13:07'),
(2159, 2, NULL, 'قام بتسجيل الدخول', NULL, NULL, NULL, '2023-05-07 21:13:15'),
(2160, 2, NULL, 'قام بتسجيل الدخول', NULL, NULL, NULL, '2023-05-08 10:09:37'),
(2161, 2, NULL, 'قام بتسجيل الدخول', NULL, NULL, NULL, '2023-05-11 02:32:02'),
(2162, 2, NULL, 'قام بتسجيل الدخول', NULL, NULL, NULL, '2023-05-11 11:17:00'),
(2163, 13, NULL, 'قام بتسجيل الدخول', NULL, NULL, NULL, '2023-05-11 13:42:46'),
(2164, 13, NULL, 'قام بالبحث عن ملف', 'ليست مجموعة حفنة من حفائر اثرية فى المنطقة', NULL, NULL, '2023-05-11 13:44:13');

-- --------------------------------------------------------

--
-- Table structure for table `users`
--

CREATE TABLE `users` (
  `user_id` int(5) NOT NULL,
  `name` varchar(255) NOT NULL,
  `is_suspended` varchar(10) NOT NULL,
  `admin` varchar(9) NOT NULL,
  `email` varchar(500) NOT NULL,
  `email_verified_at` timestamp NULL DEFAULT NULL,
  `password` varchar(255) NOT NULL,
  `remember_token` varchar(100) DEFAULT NULL,
  `created_at` timestamp NOT NULL DEFAULT current_timestamp(),
  `last_login` timestamp NULL DEFAULT current_timestamp()
) ENGINE=InnoDB DEFAULT CHARSET=utf8mb4 COLLATE=utf8mb4_unicode_ci;

--
-- Dumping data for table `users`
--

INSERT INTO `users` (`user_id`, `name`, `is_suspended`, `admin`, `email`, `email_verified_at`, `password`, `remember_token`, `created_at`, `last_login`) VALUES
(1, 'w', 'تم ايقافه', 'نعم', 'menaesmaels@gmail.com', NULL, '$2y$10$Yg/GHepQzZkyQoJPukxyoefK/1Wm7/mgHetZuGZwZpxbdjoTTXOzi', NULL, '2023-03-12 21:09:34', NULL),
(2, 'عمر راشد', 'مفعل', 'نعم', 'or9615113@gmail.com', NULL, '$2y$10$nPrXqe9XchKCE/lI6m..HuBgHnj05RzqTpjthOrOf5lLP3raaYPe.', 'fupfysRyeSHaM6IXpxPYjpcO9mMNecrvMGNvWQA15bRFtCBu7Pg44syEduz4', '2023-03-13 21:57:20', NULL),
(3, 'omar', 'مفعل', 'نعم', 'anotherfordrive2@gmail.com', NULL, '$2y$10$4Txxtl25Txbmr2mxIxG4v.iupaGMD.yzM/lk4DmmNheuQWNxnzDRy', NULL, '2023-03-15 19:42:11', NULL),
(4, 's', 'مفعل', 'لا', 'fatonot784@dewareff.com', NULL, '$2y$10$TqDM1D1uCTZ0avpnd0EfU.2uXDbKypcmODT.sVF6.rI2tFghd01Wu', NULL, '2023-03-16 20:34:51', NULL),
(5, 'omarrashed hassan ali', 'مفعل', 'نعم', 'anotherfordrive3@gmail.com', NULL, '$2y$10$CAAHR2LIWvcnlk0g24V7q.i3hH4eeZEqPMySuVbbdT1RFqtqZ58cm', '45ZNYzq0cfZqWWeYsHZLwriK52LNx0ESy6ofJnZRRdIEQjXv8hcAy5v1HdGy', '2023-03-16 20:36:39', NULL),
(6, 'omarrashed hassan ali', 'مفعل', 't', 's@gmail.com', NULL, '$2y$10$ic25iBdehh0ySo68C7wJHuLq/aVHnIW50spmLTEwlsqQSklDq5lH.', NULL, '2023-03-16 23:22:49', NULL),
(7, 'omarrashed hassan ali', 'مفعل', 'لا', 'e175ae0e2c@fireboxmail.lol', NULL, '$2y$10$obuWL09oaqr5AKbZhRoy/eu4z5TgkoPTGIslG9VfZs5R3LxjElPg2', NULL, '2023-03-20 15:38:21', NULL),
(8, 'omar rashed hassan', 'مفعل', 'لا', '2913293905@fireboxmail.lollkklou', NULL, '$2y$10$Ehqyyyf.vhWC7bUgy3..ped6m9Il0EhBsk.i51qvt7ZqR.o8Kdipe', NULL, '2023-03-26 20:11:47', NULL),
(9, 'omar rashed hassan', '', 'لا', 'x@fireboxmail.lol', NULL, '$2y$10$oj.Jf4h.LtEhYKCd1tqGCueFhPjZ/4uHUUBym0Y6y0NUrFhjPzLTu', NULL, '2023-03-26 23:23:10', NULL),
(10, 'new', 'تم ايقافه', 'لا', '2913293905@3fireboxmail.lolku', NULL, '$2y$10$vOh7nBcV5ZwBJx53Z9gwSe.XMNUYFlTJzIu6OdqGy9zdPwEM8RKmK', NULL, '2023-03-29 03:54:07', NULL),
(11, 'asd', 'مفعل', 'لا', '2913293905@3fireboxmail.lolkuasdadasdsa', NULL, '$2y$10$pxDlwrwJ234ZfVUVoZb0he2gdhWuCeFNh2vF67qOkrfUqK9BaeO.e', NULL, '2023-03-29 04:00:04', NULL),
(12, 'omarrashed hassan ali', 'مفعل', 'نعم', 'omar@mozej.com', NULL, '$2y$10$nH4vzPkJbpDN7jrBUW5/F.AltIZqDwR5yy4ed4r0ctXSLHCSMV.4q', NULL, '2023-04-01 20:12:44', NULL),
(13, 'ok', 'مفعل', 'نعم', 'omar@mozej2.com', NULL, '$2y$10$ovByq8bp1XLaok8m/bISROOrNFHbiCN6L9Ln7AvnxQIsYfnP3MUHO', NULL, '2023-04-01 20:56:34', '2023-05-11 12:42:47'),
(14, 'omarrashed', 'مفعل', 'لا', '7cb77de80a@fireboxmail.lol', NULL, '$2y$10$5CYHrUd7L.JD8yDix940Oed2NIUPfJ0LVq.SAwiPzOqYKU5MC5Qni', NULL, '2023-04-06 14:27:16', NULL),
(15, 'omarrashed', 'مفعل', 'لا', '7cb77fde80a@fireboxmail.lol', NULL, '$2y$10$z0ZF0FQWIuOHrFeAiM1WIOElLBLKDjccbA/Qms40G9PROujZN70p2', NULL, '2023-04-06 14:30:58', NULL),
(16, 'vv', 'مفعل', 'لا', '709b96440f@fireboxmail.lol', NULL, '$2y$10$UJpJxaSsBFauiL.ILNMbsuK1ci/PNbT1rtNdcFlcaFiS6ijG6WmjK', NULL, '2023-04-19 14:46:07', NULL),
(17, 'omar omarrashed', 'مفعل', 'لا', 'or96166665113@gmail.com', NULL, '$2y$10$SA5X9NzoURv5/UBlSbu20u.qJyq55DOR4LoDNviox7bJ8V78A3Y3.', NULL, '2023-04-19 20:29:36', NULL),
(18, 'فتحي', 'مفعل', 'لا', 'c161f725b0@fireboxmail.loldd', NULL, '$2y$10$eJt1TXRtYGleiKaU0885TO2DSxk1U0qwDx5DKdaMk6.uPYVqmGU9e', NULL, '2023-04-19 20:33:16', NULL),
(19, 'omar omarrashed', 'مفعل', 'لا', 'or15113@gmil.com', NULL, '$2y$10$7FeZcQinzs3yW7w7jTQVU./89MtsAIXq4KR0RSEz/ZiutclPk2.u6', NULL, '2023-04-27 23:21:04', NULL),
(20, 'omar omarrashed', 'مفعل', 'نعم', 'or96151kc13@gmail.com', NULL, '$2y$10$BTOAFZIfbtry9AuJQis7euzhbEnY8q/izMBi3awaNJ3rS8WNFMhgS', NULL, '2023-05-07 20:12:25', NULL),
(21, 'omar omarrashed', 'مفعل', 'لا', 'or961jjj5113@gmail.com', NULL, '$2y$10$qw0eJ/FBmiQ2rKmpt1EuXuq36IDnTajQzbC3YjX2ATDLRemDUcLVm', NULL, '2023-05-07 20:20:18', NULL),
(22, 'omar omarrashed', 'مفعل', 'لا', 'or9615113kkljk@gmail.com', NULL, '$2y$10$oZ7ktvX1ZoNk2Q.mVUCTR.vqNIcsQuamxhiiXQ5dpWomtSlRXIJ3.', NULL, '2023-05-07 20:24:01', NULL),
(23, 'omar omarrashed', 'مفعل', 'لا', 'or9615113@gmail.comdfzf', NULL, '$2y$10$tjwpdSMdNqB9m6vnh40DFOuEhN3Lfw7zHPb8q4bwIw5ii2h8PP0f2', NULL, '2023-05-07 20:24:51', NULL),
(24, 'omar omarrashed', 'مفعل', 'نعم', 'or9615113@gmail.comsdfd', NULL, '$2y$10$0BsC/jPL0hr7tGB4tMEg7u.z7jriAl3.vqh3AmPUax5uV2E/t3f4K', NULL, '2023-05-07 20:26:55', NULL),
(25, 'omar omarrashed', 'مفعل', 'لا', 'or96151c13@gmail.comzfs', NULL, '$2y$10$BmdlLUR7.LAtWStHYPQJueKdWIJS93Z0BtVn2hCgcsVuo2tkZm5my', NULL, '2023-05-07 20:27:37', NULL),
(26, 'omar omarrashed', 'مفعل', 'لا', 'or96151c13@gmail.comzccz', NULL, '$2y$10$dGNFEn1HU9wTTuqp8vawI.6dgv1fSr7hwzYaHe7696ATH.5T8/2t.', NULL, '2023-05-07 20:28:07', NULL),
(27, 'omar omarrashed', 'مفعل', 'لا', 'or9615113@gmail.comad', NULL, '$2y$10$VTCfbk3GxlLq5LA4vpm1kescIcdYsu0u3hB8UyBj4UjcqWifRrhVW', NULL, '2023-05-07 20:28:27', NULL),
(28, 'omar omarrashed', 'مفعل', 'لا', 'or9ll615113@gmail.com', NULL, '$2y$10$LsZCK0uQWczBRKkJByjrC.aAH/l5XxPArRy9Kws/LIh9SDKn72O6C', NULL, '2023-05-07 21:06:12', NULL);

--
-- Indexes for dumped tables
--

--
-- Indexes for table `failed_jobs`
--
ALTER TABLE `failed_jobs`
  ADD PRIMARY KEY (`id`),
  ADD UNIQUE KEY `failed_jobs_uuid_unique` (`uuid`);

--
-- Indexes for table `files`
--
ALTER TABLE `files`
  ADD PRIMARY KEY (`file_id`),
  ADD KEY `fk_files_user_id` (`user_id`);

--
-- Indexes for table `migrations`
--
ALTER TABLE `migrations`
  ADD PRIMARY KEY (`id`);

--
-- Indexes for table `model_has_permissions`
--
ALTER TABLE `model_has_permissions`
  ADD PRIMARY KEY (`permission_id`,`model_id`,`model_type`),
  ADD KEY `model_has_permissions_model_id_model_type_index` (`model_id`,`model_type`);

--
-- Indexes for table `model_has_roles`
--
ALTER TABLE `model_has_roles`
  ADD PRIMARY KEY (`role_id`,`model_id`,`model_type`),
  ADD KEY `model_has_roles_model_id_model_type_index` (`model_id`,`model_type`);

--
-- Indexes for table `password_resets`
--
ALTER TABLE `password_resets`
  ADD KEY `password_resets_email_index` (`email`);

--
-- Indexes for table `password_reset_tokens`
--
ALTER TABLE `password_reset_tokens`
  ADD PRIMARY KEY (`email`);

--
-- Indexes for table `permissions`
--
ALTER TABLE `permissions`
  ADD PRIMARY KEY (`id`),
  ADD UNIQUE KEY `permissions_name_guard_name_unique` (`name`,`guard_name`);

--
-- Indexes for table `personal_access_tokens`
--
ALTER TABLE `personal_access_tokens`
  ADD PRIMARY KEY (`id`),
  ADD UNIQUE KEY `personal_access_tokens_token_unique` (`token`),
  ADD KEY `personal_access_tokens_tokenable_type_tokenable_id_index` (`tokenable_type`,`tokenable_id`);

--
-- Indexes for table `roles`
--
ALTER TABLE `roles`
  ADD PRIMARY KEY (`id`),
  ADD UNIQUE KEY `roles_name_guard_name_unique` (`name`,`guard_name`);

--
-- Indexes for table `role_has_permissions`
--
ALTER TABLE `role_has_permissions`
  ADD PRIMARY KEY (`permission_id`,`role_id`),
  ADD KEY `role_has_permissions_role_id_foreign` (`role_id`);

--
-- Indexes for table `track_users`
--
ALTER TABLE `track_users`
  ADD PRIMARY KEY (`id`),
  ADD KEY `fk_track_files_file_id` (`file_id`),
  ADD KEY `fk_track_users_user_id` (`user_id`);

--
-- Indexes for table `users`
--
ALTER TABLE `users`
  ADD PRIMARY KEY (`user_id`),
  ADD UNIQUE KEY `users_email_unique` (`email`);

--
-- AUTO_INCREMENT for dumped tables
--

--
-- AUTO_INCREMENT for table `failed_jobs`
--
ALTER TABLE `failed_jobs`
  MODIFY `id` bigint(20) UNSIGNED NOT NULL AUTO_INCREMENT;

--
-- AUTO_INCREMENT for table `files`
--
ALTER TABLE `files`
  MODIFY `file_id` int(10) NOT NULL AUTO_INCREMENT, AUTO_INCREMENT=22471;

--
-- AUTO_INCREMENT for table `migrations`
--
ALTER TABLE `migrations`
  MODIFY `id` int(10) UNSIGNED NOT NULL AUTO_INCREMENT, AUTO_INCREMENT=7;

--
-- AUTO_INCREMENT for table `permissions`
--
ALTER TABLE `permissions`
  MODIFY `id` bigint(20) UNSIGNED NOT NULL AUTO_INCREMENT;

--
-- AUTO_INCREMENT for table `personal_access_tokens`
--
ALTER TABLE `personal_access_tokens`
  MODIFY `id` bigint(20) UNSIGNED NOT NULL AUTO_INCREMENT;

--
-- AUTO_INCREMENT for table `roles`
--
ALTER TABLE `roles`
  MODIFY `id` bigint(20) UNSIGNED NOT NULL AUTO_INCREMENT;

--
-- AUTO_INCREMENT for table `track_users`
--
ALTER TABLE `track_users`
  MODIFY `id` bigint(20) NOT NULL AUTO_INCREMENT, AUTO_INCREMENT=2165;

--
-- AUTO_INCREMENT for table `users`
--
ALTER TABLE `users`
  MODIFY `user_id` int(5) NOT NULL AUTO_INCREMENT, AUTO_INCREMENT=29;

--
-- Constraints for dumped tables
--

--
-- Constraints for table `files`
--
ALTER TABLE `files`
  ADD CONSTRAINT `fk_files_user_id` FOREIGN KEY (`user_id`) REFERENCES `users` (`user_id`) ON UPDATE CASCADE;

--
-- Constraints for table `model_has_permissions`
--
ALTER TABLE `model_has_permissions`
  ADD CONSTRAINT `model_has_permissions_permission_id_foreign` FOREIGN KEY (`permission_id`) REFERENCES `permissions` (`id`) ON DELETE CASCADE;

--
-- Constraints for table `model_has_roles`
--
ALTER TABLE `model_has_roles`
  ADD CONSTRAINT `model_has_roles_role_id_foreign` FOREIGN KEY (`role_id`) REFERENCES `roles` (`id`) ON DELETE CASCADE;

--
-- Constraints for table `role_has_permissions`
--
ALTER TABLE `role_has_permissions`
  ADD CONSTRAINT `role_has_permissions_permission_id_foreign` FOREIGN KEY (`permission_id`) REFERENCES `permissions` (`id`) ON DELETE CASCADE,
  ADD CONSTRAINT `role_has_permissions_role_id_foreign` FOREIGN KEY (`role_id`) REFERENCES `roles` (`id`) ON DELETE CASCADE;

--
-- Constraints for table `track_users`
--
ALTER TABLE `track_users`
  ADD CONSTRAINT `fk_track_files_file_id` FOREIGN KEY (`file_id`) REFERENCES `files` (`file_id`) ON UPDATE CASCADE,
  ADD CONSTRAINT `fk_track_users_user_id` FOREIGN KEY (`user_id`) REFERENCES `users` (`user_id`) ON UPDATE CASCADE;
COMMIT;

/*!40101 SET CHARACTER_SET_CLIENT=@OLD_CHARACTER_SET_CLIENT */;
/*!40101 SET CHARACTER_SET_RESULTS=@OLD_CHARACTER_SET_RESULTS */;
/*!40101 SET COLLATION_CONNECTION=@OLD_COLLATION_CONNECTION */;
